max_speed,speed,acceleration,lookahead,mae
2.5,2.5,0.01,30.0,10.744565217391296
2.5,2.5,0.01,25.0,10.649456521739122
2.5,2.5,0.01,20.0,10.813858695652167
2.5,2.5,0.01,15.0,11.682065217391298
2.5,2.5,0.01,10.0,11.688179347826077
2.5,2.5,0.0088,30.0,10.326766304347819
2.5,2.5,0.0088,25.0,10.667119565217384
2.5,2.5,0.0088,20.0,10.491847826086948
2.5,2.5,0.0088,15.0,11.22826086956521
2.5,2.5,0.0088,10.0,11.30570652173912
2.5,2.5,0.007600000000000001,30.0,9.79279891304347
2.5,2.5,0.007600000000000001,25.0,9.873641304347817
2.5,2.5,0.007600000000000001,20.0,9.59646739130434
2.5,2.5,0.007600000000000001,15.0,10.7860054347826
2.5,2.5,0.007600000000000001,10.0,10.780570652173905
2.5,2.5,0.0064,30.0,9.058423913043471
2.5,2.5,0.0064,25.0,9.260869565217384
2.5,2.5,0.0064,20.0,8.872961956521731
2.5,2.5,0.0064,15.0,9.981657608695645
2.5,2.5,0.0064,10.0,10.374320652173905
2.5,2.5,0.0052,30.0,8.182744565217382
2.5,2.5,0.0052,25.0,8.057744565217382
2.5,2.5,0.0052,20.0,8.302309782608686
2.5,2.5,0.0052,15.0,9.095788043478253
2.5,2.5,0.0052,10.0,9.315217391304339
2.5,2.5,0.004,30.0,7.120244565217383
2.5,2.5,0.004,25.0,7.1752717391304275
2.5,2.5,0.004,20.0,6.913722826086946
2.5,2.5,0.004,15.0,7.775135869565209
2.5,2.5,0.004,10.0,8.271059782608685
2.5,2.333333333333333,0.01,30.0,10.868206521739122
2.5,2.333333333333333,0.01,25.0,10.908288043478253
2.5,2.333333333333333,0.01,20.0,10.988451086956514
2.5,2.333333333333333,0.01,15.0,11.72146739130434
2.5,2.333333333333333,0.01,10.0,11.735733695652163
2.5,2.333333333333333,0.0088,30.0,10.269021739130427
2.5,2.333333333333333,0.0088,25.0,10.225543478260862
2.5,2.333333333333333,0.0088,20.0,10.5360054347826
2.5,2.333333333333333,0.0088,15.0,11.014266304347819
2.5,2.333333333333333,0.0088,10.0,11.333559782608686
2.5,2.333333333333333,0.007600000000000001,30.0,9.790081521739124
2.5,2.333333333333333,0.007600000000000001,25.0,10.119565217391298
2.5,2.333333333333333,0.007600000000000001,20.0,9.83967391304347
2.5,2.333333333333333,0.007600000000000001,15.0,10.749999999999993
2.5,2.333333333333333,0.007600000000000001,10.0,10.825407608695643
2.5,2.333333333333333,0.0064,30.0,9.08559782608695
2.5,2.333333333333333,0.0064,25.0,9.081521739130427
2.5,2.333333333333333,0.0064,20.0,9.611413043478253
2.5,2.333333333333333,0.0064,15.0,10.26834239130434
2.5,2.333333333333333,0.0064,10.0,10.099184782608688
2.5,2.333333333333333,0.0052,30.0,8.229619565217382
2.5,2.333333333333333,0.0052,25.0,8.110054347826079
2.5,2.333333333333333,0.0052,20.0,8.68070652173912
2.5,2.333333333333333,0.0052,15.0,9.23029891304347
2.5,2.333333333333333,0.0052,10.0,9.331521739130427
2.5,2.333333333333333,0.004,30.0,7.283288043478251
2.5,2.333333333333333,0.004,25.0,7.142663043478252
2.5,2.333333333333333,0.004,20.0,6.877717391304339
2.5,2.333333333333333,0.004,15.0,8.10054347826086
2.5,2.333333333333333,0.004,10.0,8.19429347826086
2.5,2.1666666666666665,0.01,30.0,10.674592391304339
2.5,2.1666666666666665,0.01,25.0,10.845788043478253
2.5,2.1666666666666665,0.01,20.0,10.930706521739124
2.5,2.1666666666666665,0.01,15.0,11.735054347826077
2.5,2.1666666666666665,0.01,10.0,11.832201086956513
2.5,2.1666666666666665,0.0088,30.0,10.337635869565208
2.5,2.1666666666666665,0.0088,25.0,10.695652173913034
2.5,2.1666666666666665,0.0088,20.0,10.46467391304347
2.5,2.1666666666666665,0.0088,15.0,11.180027173913036
2.5,2.1666666666666665,0.0088,10.0,11.442255434782599
2.5,2.1666666666666665,0.007600000000000001,30.0,9.757472826086948
2.5,2.1666666666666665,0.007600000000000001,25.0,9.709918478260862
2.5,2.1666666666666665,0.007600000000000001,20.0,9.72554347826086
2.5,2.1666666666666665,0.007600000000000001,15.0,10.599184782608688
2.5,2.1666666666666665,0.007600000000000001,10.0,10.750679347826079
2.5,2.1666666666666665,0.0064,30.0,9.14741847826086
2.5,2.1666666666666665,0.0064,25.0,9.006793478260862
2.5,2.1666666666666665,0.0064,20.0,9.317934782608686
2.5,2.1666666666666665,0.0064,15.0,9.87092391304347
2.5,2.1666666666666665,0.0064,10.0,10.175271739130427
2.5,2.1666666666666665,0.0052,30.0,8.391983695652165
2.5,2.1666666666666665,0.0052,25.0,8.42866847826086
2.5,2.1666666666666665,0.0052,20.0,7.953804347826077
2.5,2.1666666666666665,0.0052,15.0,9.233016304347816
2.5,2.1666666666666665,0.0052,10.0,9.370244565217382
2.5,2.1666666666666665,0.004,30.0,7.17187499999999
2.5,2.1666666666666665,0.004,25.0,7.032608695652164
2.5,2.1666666666666665,0.004,20.0,7.18070652173912
2.5,2.1666666666666665,0.004,15.0,7.7092391304347725
2.5,2.1666666666666665,0.004,10.0,7.999320652173903
2.5,2.0,0.01,30.0,10.697010869565208
2.5,2.0,0.01,25.0,10.946331521739122
2.5,2.0,0.01,20.0,10.981657608695645
2.5,2.0,0.01,15.0,11.614130434782599
2.5,2.0,0.01,10.0,11.699048913043471
2.5,2.0,0.0088,30.0,10.36209239130434
2.5,2.0,0.0088,25.0,10.438179347826079
2.5,2.0,0.0088,20.0,10.23709239130434
2.5,2.0,0.0088,15.0,11.244565217391298
2.5,2.0,0.0088,10.0,11.447010869565208
2.5,2.0,0.007600000000000001,30.0,9.752717391304339
2.5,2.0,0.007600000000000001,25.0,9.599864130434776
2.5,2.0,0.007600000000000001,20.0,9.828124999999991
2.5,2.0,0.007600000000000001,15.0,10.516304347826079
2.5,2.0,0.007600000000000001,10.0,10.805706521739124
2.5,2.0,0.0064,30.0,9.090353260869557
2.5,2.0,0.0064,25.0,9.034646739130427
2.5,2.0,0.0064,20.0,9.031249999999993
2.5,2.0,0.0064,15.0,10.042119565217384
2.5,2.0,0.0064,10.0,9.934103260869557
2.5,2.0,0.0052,30.0,8.260190217391296
2.5,2.0,0.0052,25.0,8.217391304347817
2.5,2.0,0.0052,20.0,8.651494565217382
2.5,2.0,0.0052,15.0,9.277853260869557
2.5,2.0,0.0052,10.0,9.155570652173905
2.5,2.0,0.004,30.0,7.09171195652173
2.5,2.0,0.004,25.0,7.362771739130426
2.5,2.0,0.004,20.0,7.737092391304338
2.5,2.0,0.004,15.0,7.813858695652163
2.5,2.0,0.004,10.0,8.447690217391294
2.5,1.8333333333333333,0.01,30.0,10.677309782608688
2.5,1.8333333333333333,0.01,25.0,11.027853260869557
2.5,1.8333333333333333,0.01,20.0,10.725543478260862
2.5,1.8333333333333333,0.01,15.0,11.4735054347826
2.5,1.8333333333333333,0.01,10.0,11.769701086956513
2.5,1.8333333333333333,0.0088,30.0,10.389266304347819
2.5,1.8333333333333333,0.0088,25.0,10.333559782608688
2.5,1.8333333333333333,0.0088,20.0,10.279211956521731
2.5,1.8333333333333333,0.0088,15.0,11.211277173913036
2.5,1.8333333333333333,0.0088,10.0,11.183423913043471
2.5,1.8333333333333333,0.007600000000000001,30.0,9.756114130434776
2.5,1.8333333333333333,0.007600000000000001,25.0,9.650135869565208
2.5,1.8333333333333333,0.007600000000000001,20.0,9.949728260869557
2.5,1.8333333333333333,0.007600000000000001,15.0,10.670516304347817
2.5,1.8333333333333333,0.007600000000000001,10.0,10.69497282608695
2.5,1.8333333333333333,0.0064,30.0,9.026494565217384
2.5,1.8333333333333333,0.0064,25.0,9.288722826086948
2.5,1.8333333333333333,0.0064,20.0,9.1610054347826
2.5,1.8333333333333333,0.0064,15.0,9.923913043478253
2.5,1.8333333333333333,0.0064,10.0,10.122282608695645
2.5,1.8333333333333333,0.0052,30.0,8.306385869565208
2.5,1.8333333333333333,0.0052,25.0,8.398097826086948
2.5,1.8333333333333333,0.0052,20.0,7.722146739130425
2.5,1.8333333333333333,0.0052,15.0,8.66983695652173
2.5,1.8333333333333333,0.0052,10.0,9.264266304347817
2.5,1.8333333333333333,0.004,30.0,7.080842391304339
2.5,1.8333333333333333,0.004,25.0,7.368885869565209
2.5,1.8333333333333333,0.004,20.0,6.925951086956512
2.5,1.8333333333333333,0.004,15.0,7.746603260869556
2.5,1.8333333333333333,0.004,10.0,7.920516304347815
2.5,1.6666666666666665,0.01,30.0,10.721467391304339
2.5,1.6666666666666665,0.01,25.0,10.864809782608686
2.5,1.6666666666666665,0.01,20.0,11.044836956521731
2.5,1.6666666666666665,0.01,15.0,11.707880434782599
2.5,1.6666666666666665,0.01,10.0,11.56046195652173
2.5,1.6666666666666665,0.0088,30.0,10.192934782608686
2.5,1.6666666666666665,0.0088,25.0,10.345788043478253
2.5,1.6666666666666665,0.0088,20.0,10.602581521739124
2.5,1.6666666666666665,0.0088,15.0,11.041440217391298
2.5,1.6666666666666665,0.0088,10.0,11.31249999999999
2.5,1.6666666666666665,0.007600000000000001,30.0,9.735733695652167
2.5,1.6666666666666665,0.007600000000000001,25.0,9.80638586956521
2.5,1.6666666666666665,0.007600000000000001,20.0,9.486413043478253
2.5,1.6666666666666665,0.007600000000000001,15.0,10.502038043478253
2.5,1.6666666666666665,0.007600000000000001,10.0,11.123641304347817
2.5,1.6666666666666665,0.0064,30.0,9.095108695652165
2.5,1.6666666666666665,0.0064,25.0,9.267663043478253
2.5,1.6666666666666665,0.0064,20.0,9.172554347826079
2.5,1.6666666666666665,0.0064,15.0,10.049592391304339
2.5,1.6666666666666665,0.0064,10.0,9.923233695652167
2.5,1.6666666666666665,0.0052,30.0,8.14741847826086
2.5,1.6666666666666665,0.0052,25.0,8.04008152173912
2.5,1.6666666666666665,0.0052,20.0,7.795516304347816
2.5,1.6666666666666665,0.0052,15.0,9.015624999999991
2.5,1.6666666666666665,0.0052,10.0,9.069972826086946
2.5,1.6666666666666665,0.004,30.0,6.93342391304347
2.5,1.6666666666666665,0.004,25.0,7.069293478260861
2.5,1.6666666666666665,0.004,20.0,7.094429347826077
2.5,1.6666666666666665,0.004,15.0,8.032608695652163
2.5,1.6666666666666665,0.004,10.0,8.301630434782597
2.5,1.5,0.01,30.0,10.796874999999991
2.5,1.5,0.01,25.0,10.917119565217382
2.5,1.5,0.01,20.0,10.896739130434776
2.5,1.5,0.01,15.0,11.596467391304339
2.5,1.5,0.01,10.0,11.527173913043468
2.5,1.5,0.0088,30.0,10.305027173913036
2.5,1.5,0.0088,25.0,10.259510869565208
2.5,1.5,0.0088,20.0,10.298233695652165
2.5,1.5,0.0088,15.0,11.11209239130434
2.5,1.5,0.0088,10.0,11.110733695652167
2.5,1.5,0.007600000000000001,30.0,9.671874999999993
2.5,1.5,0.007600000000000001,25.0,9.608695652173905
2.5,1.5,0.007600000000000001,20.0,9.845108695652167
2.5,1.5,0.007600000000000001,15.0,10.391983695652167
2.5,1.5,0.007600000000000001,10.0,10.667119565217382
2.5,1.5,0.0064,30.0,9.146739130434776
2.5,1.5,0.0064,25.0,9.040081521739124
2.5,1.5,0.0064,20.0,8.896739130434776
2.5,1.5,0.0064,15.0,10.044836956521731
2.5,1.5,0.0064,10.0,9.991847826086948
2.5,1.5,0.0052,30.0,7.874320652173903
2.5,1.5,0.0052,25.0,7.98437499999999
2.5,1.5,0.0052,20.0,8.512228260869556
2.5,1.5,0.0052,15.0,8.673913043478253
2.5,1.5,0.0052,10.0,9.173913043478253
2.5,1.5,0.004,30.0,6.866168478260859
2.5,1.5,0.004,25.0,6.8722826086956434
2.5,1.5,0.004,20.0,6.3417119565217295
2.5,1.5,0.004,15.0,8.063179347826077
2.5,1.5,0.004,10.0,8.204483695652163
2.5,1.3333333333333333,0.01,30.0,10.617527173913034
2.5,1.3333333333333333,0.01,25.0,10.776494565217384
2.5,1.3333333333333333,0.01,20.0,10.793478260869557
2.5,1.3333333333333333,0.01,15.0,11.464673913043471
2.5,1.3333333333333333,0.01,10.0,11.495923913043468
2.5,1.3333333333333333,0.0088,30.0,10.201766304347819
2.5,1.3333333333333333,0.0088,25.0,10.22826086956521
2.5,1.3333333333333333,0.0088,20.0,10.213994565217384
2.5,1.3333333333333333,0.0088,15.0,11.087635869565208
2.5,1.3333333333333333,0.0088,10.0,11.261548913043468
2.5,1.3333333333333333,0.007600000000000001,30.0,9.701086956521731
2.5,1.3333333333333333,0.007600000000000001,25.0,9.734374999999993
2.5,1.3333333333333333,0.007600000000000001,20.0,10.037364130434776
2.5,1.3333333333333333,0.007600000000000001,15.0,10.459239130434774
2.5,1.3333333333333333,0.007600000000000001,10.0,10.5516304347826
2.5,1.3333333333333333,0.0064,30.0,8.874320652173905
2.5,1.3333333333333333,0.0064,25.0,9.0360054347826
2.5,1.3333333333333333,0.0064,20.0,9.23029891304347
2.5,1.3333333333333333,0.0064,15.0,9.813179347826079
2.5,1.3333333333333333,0.0064,10.0,9.991168478260862
2.5,1.3333333333333333,0.0052,30.0,8.061141304347817
2.5,1.3333333333333333,0.0052,25.0,8.01358695652173
2.5,1.3333333333333333,0.0052,20.0,8.244565217391294
2.5,1.3333333333333333,0.0052,15.0,9.157608695652163
2.5,1.3333333333333333,0.0052,10.0,9.121603260869557
2.5,1.3333333333333333,0.004,30.0,6.813179347826078
2.5,1.3333333333333333,0.004,25.0,7.234374999999991
2.5,1.3333333333333333,0.004,20.0,7.382472826086948
2.5,1.3333333333333333,0.004,15.0,7.798233695652163
2.5,1.3333333333333333,0.004,10.0,7.993885869565207
2.5,1.1666666666666667,0.01,30.0,10.616847826086948
2.5,1.1666666666666667,0.01,25.0,10.96263586956521
2.5,1.1666666666666667,0.01,20.0,10.86616847826086
2.5,1.1666666666666667,0.01,15.0,11.557744565217382
2.5,1.1666666666666667,0.01,10.0,11.40624999999999
2.5,1.1666666666666667,0.0088,30.0,10.209239130434776
2.5,1.1666666666666667,0.0088,25.0,10.408288043478253
2.5,1.1666666666666667,0.0088,20.0,10.13247282608695
2.5,1.1666666666666667,0.0088,15.0,11.14809782608695
2.5,1.1666666666666667,0.0088,10.0,11.353940217391294
2.5,1.1666666666666667,0.007600000000000001,30.0,9.550951086956514
2.5,1.1666666666666667,0.007600000000000001,25.0,9.862771739130427
2.5,1.1666666666666667,0.007600000000000001,20.0,9.83967391304347
2.5,1.1666666666666667,0.007600000000000001,15.0,10.564538043478253
2.5,1.1666666666666667,0.007600000000000001,10.0,10.691576086956513
2.5,1.1666666666666667,0.0064,30.0,8.908967391304339
2.5,1.1666666666666667,0.0064,25.0,9.102581521739124
2.5,1.1666666666666667,0.0064,20.0,9.08084239130434
2.5,1.1666666666666667,0.0064,15.0,9.624999999999993
2.5,1.1666666666666667,0.0064,10.0,10.050271739130427
2.5,1.1666666666666667,0.0052,30.0,8.122282608695643
2.5,1.1666666666666667,0.0052,25.0,8.16304347826086
2.5,1.1666666666666667,0.0052,20.0,8.102581521739124
2.5,1.1666666666666667,0.0052,15.0,8.985733695652163
2.5,1.1666666666666667,0.0052,10.0,8.982336956521731
2.5,1.1666666666666667,0.004,30.0,6.829483695652167
2.5,1.1666666666666667,0.004,25.0,7.124999999999991
2.5,1.1666666666666667,0.004,20.0,7.147418478260859
2.5,1.1666666666666667,0.004,15.0,7.619565217391296
2.5,1.1666666666666667,0.004,10.0,7.9823369565217295
2.5,1.0,0.01,30.0,10.661684782608688
2.5,1.0,0.01,25.0,10.735054347826079
2.5,1.0,0.01,20.0,10.990489130434776
2.5,1.0,0.01,15.0,11.498641304347819
2.5,1.0,0.01,10.0,11.521739130434772
2.5,1.0,0.0088,30.0,10.225543478260862
2.5,1.0,0.0088,25.0,10.105978260869557
2.5,1.0,0.0088,20.0,10.155570652173905
2.5,1.0,0.0088,15.0,11.027853260869557
2.5,1.0,0.0088,10.0,11.093749999999991
2.5,1.0,0.007600000000000001,30.0,9.657608695652167
2.5,1.0,0.007600000000000001,25.0,9.951766304347819
2.5,1.0,0.007600000000000001,20.0,9.463315217391298
2.5,1.0,0.007600000000000001,15.0,10.480298913043471
2.5,1.0,0.007600000000000001,10.0,10.654891304347817
2.5,1.0,0.0064,30.0,9.088315217391298
2.5,1.0,0.0064,25.0,9.24388586956521
2.5,1.0,0.0064,20.0,8.781929347826079
2.5,1.0,0.0064,15.0,10.090353260869557
2.5,1.0,0.0064,10.0,9.833559782608688
2.5,1.0,0.0052,30.0,8.166440217391296
2.5,1.0,0.0052,25.0,8.29008152173912
2.5,1.0,0.0052,20.0,7.7873641304347725
2.5,1.0,0.0052,15.0,8.936141304347816
2.5,1.0,0.0052,10.0,9.138586956521731
2.5,1.0,0.004,30.0,6.80298913043477
2.5,1.0,0.004,25.0,6.859374999999991
2.5,1.0,0.004,20.0,7.0597826086956434
2.5,1.0,0.004,15.0,7.989130434782599
2.5,1.0,0.004,10.0,8.15624999999999
2.333333333333333,2.333333333333333,0.01,30.0,10.662364130434776
2.333333333333333,2.333333333333333,0.01,25.0,10.807744565217382
2.333333333333333,2.333333333333333,0.01,20.0,10.905570652173905
2.333333333333333,2.333333333333333,0.01,15.0,11.71263586956521
2.333333333333333,2.333333333333333,0.01,10.0,11.728940217391294
2.333333333333333,2.333333333333333,0.0088,30.0,10.4578804347826
2.333333333333333,2.333333333333333,0.0088,25.0,10.582201086956514
2.333333333333333,2.333333333333333,0.0088,20.0,10.718070652173905
2.333333333333333,2.333333333333333,0.0088,15.0,11.245244565217382
2.333333333333333,2.333333333333333,0.0088,10.0,11.209918478260862
2.333333333333333,2.333333333333333,0.007600000000000001,30.0,9.602581521739124
2.333333333333333,2.333333333333333,0.007600000000000001,25.0,9.685461956521731
2.333333333333333,2.333333333333333,0.007600000000000001,20.0,9.800951086956514
2.333333333333333,2.333333333333333,0.007600000000000001,15.0,10.671195652173905
2.333333333333333,2.333333333333333,0.007600000000000001,10.0,10.823369565217384
2.333333333333333,2.333333333333333,0.0064,30.0,9.237771739130427
2.333333333333333,2.333333333333333,0.0064,25.0,8.904891304347819
2.333333333333333,2.333333333333333,0.0064,20.0,8.894021739130427
2.333333333333333,2.333333333333333,0.0064,15.0,10.190896739130427
2.333333333333333,2.333333333333333,0.0064,10.0,9.91304347826086
2.333333333333333,2.333333333333333,0.0052,30.0,8.233695652173905
2.333333333333333,2.333333333333333,0.0052,25.0,7.963315217391295
2.333333333333333,2.333333333333333,0.0052,20.0,8.711277173913034
2.333333333333333,2.333333333333333,0.0052,15.0,8.83491847826086
2.333333333333333,2.333333333333333,0.0052,10.0,9.24116847826086
2.333333333333333,2.333333333333333,0.004,30.0,6.845788043478252
2.333333333333333,2.333333333333333,0.004,25.0,7.433423913043469
2.333333333333333,2.333333333333333,0.004,20.0,6.486413043478251
2.333333333333333,2.333333333333333,0.004,15.0,7.807065217391295
2.333333333333333,2.333333333333333,0.004,10.0,8.14945652173912
2.333333333333333,2.1666666666666665,0.01,30.0,10.64334239130434
2.333333333333333,2.1666666666666665,0.01,25.0,10.902853260869557
2.333333333333333,2.1666666666666665,0.01,20.0,10.92934782608695
2.333333333333333,2.1666666666666665,0.01,15.0,11.455163043478251
2.333333333333333,2.1666666666666665,0.01,10.0,11.812499999999993
2.333333333333333,2.1666666666666665,0.0088,30.0,10.360054347826079
2.333333333333333,2.1666666666666665,0.0088,25.0,10.315896739130427
2.333333333333333,2.1666666666666665,0.0088,20.0,10.406929347826079
2.333333333333333,2.1666666666666665,0.0088,15.0,11.292119565217382
2.333333333333333,2.1666666666666665,0.0088,10.0,11.373641304347816
2.333333333333333,2.1666666666666665,0.007600000000000001,30.0,9.746603260869557
2.333333333333333,2.1666666666666665,0.007600000000000001,25.0,9.690896739130427
2.333333333333333,2.1666666666666665,0.007600000000000001,20.0,9.782608695652167
2.333333333333333,2.1666666666666665,0.007600000000000001,15.0,10.559782608695645
2.333333333333333,2.1666666666666665,0.007600000000000001,10.0,10.572010869565208
2.333333333333333,2.1666666666666665,0.0064,30.0,9.072010869565208
2.333333333333333,2.1666666666666665,0.0064,25.0,8.913043478260862
2.333333333333333,2.1666666666666665,0.0064,20.0,9.070652173913036
2.333333333333333,2.1666666666666665,0.0064,15.0,9.816576086956514
2.333333333333333,2.1666666666666665,0.0064,10.0,10.105978260869557
2.333333333333333,2.1666666666666665,0.0052,30.0,8.142663043478251
2.333333333333333,2.1666666666666665,0.0052,25.0,8.4266304347826
2.333333333333333,2.1666666666666665,0.0052,20.0,8.830163043478251
2.333333333333333,2.1666666666666665,0.0052,15.0,8.849184782608686
2.333333333333333,2.1666666666666665,0.0052,10.0,9.271739130434774
2.333333333333333,2.1666666666666665,0.004,30.0,6.74320652173912
2.333333333333333,2.1666666666666665,0.004,25.0,7.360054347826078
2.333333333333333,2.1666666666666665,0.004,20.0,7.181385869565207
2.333333333333333,2.1666666666666665,0.004,15.0,7.73641304347825
2.333333333333333,2.1666666666666665,0.004,10.0,8.38858695652173
2.333333333333333,2.0,0.01,30.0,10.666440217391298
2.333333333333333,2.0,0.01,25.0,11.0360054347826
2.333333333333333,2.0,0.01,20.0,11.02241847826086
2.333333333333333,2.0,0.01,15.0,11.505434782608686
2.333333333333333,2.0,0.01,10.0,11.777173913043468
2.333333333333333,2.0,0.0088,30.0,10.359374999999993
2.333333333333333,2.0,0.0088,25.0,10.360054347826079
2.333333333333333,2.0,0.0088,20.0,10.40896739130434
2.333333333333333,2.0,0.0088,15.0,11.084918478260862
2.333333333333333,2.0,0.0088,10.0,11.0828804347826
2.333333333333333,2.0,0.007600000000000001,30.0,9.694293478260862
2.333333333333333,2.0,0.007600000000000001,25.0,9.92934782608695
2.333333333333333,2.0,0.007600000000000001,20.0,9.425271739130427
2.333333333333333,2.0,0.007600000000000001,15.0,10.528532608695645
2.333333333333333,2.0,0.007600000000000001,10.0,10.904891304347819
2.333333333333333,2.0,0.0064,30.0,9.03872282608695
2.333333333333333,2.0,0.0064,25.0,9.061141304347817
2.333333333333333,2.0,0.0064,20.0,9.003396739130427
2.333333333333333,2.0,0.0064,15.0,9.68342391304347
2.333333333333333,2.0,0.0064,10.0,9.994565217391298
2.333333333333333,2.0,0.0052,30.0,8.13858695652173
2.333333333333333,2.0,0.0052,25.0,8.385869565217382
2.333333333333333,2.0,0.0052,20.0,8.288722826086946
2.333333333333333,2.0,0.0052,15.0,8.835597826086948
2.333333333333333,2.0,0.0052,10.0,9.242527173913034
2.333333333333333,2.0,0.004,30.0,7.016983695652165
2.333333333333333,2.0,0.004,25.0,6.96874999999999
2.333333333333333,2.0,0.004,20.0,7.048233695652164
2.333333333333333,2.0,0.004,15.0,7.7934782608695565
2.333333333333333,2.0,0.004,10.0,8.23845108695651
2.333333333333333,1.8333333333333333,0.01,30.0,10.777853260869557
2.333333333333333,1.8333333333333333,0.01,25.0,10.874999999999993
2.333333333333333,1.8333333333333333,0.01,20.0,11.222146739130427
2.333333333333333,1.8333333333333333,0.01,15.0,11.58491847826086
2.333333333333333,1.8333333333333333,0.01,10.0,11.934782608695642
2.333333333333333,1.8333333333333333,0.0088,30.0,10.232336956521731
2.333333333333333,1.8333333333333333,0.0088,25.0,10.281249999999993
2.333333333333333,1.8333333333333333,0.0088,20.0,10.160326086956513
2.333333333333333,1.8333333333333333,0.0088,15.0,10.957201086956514
2.333333333333333,1.8333333333333333,0.0088,10.0,11.129076086956513
2.333333333333333,1.8333333333333333,0.007600000000000001,30.0,9.822690217391296
2.333333333333333,1.8333333333333333,0.007600000000000001,25.0,9.908288043478253
2.333333333333333,1.8333333333333333,0.007600000000000001,20.0,10.136548913043471
2.333333333333333,1.8333333333333333,0.007600000000000001,15.0,10.7235054347826
2.333333333333333,1.8333333333333333,0.007600000000000001,10.0,10.591711956521731
2.333333333333333,1.8333333333333333,0.0064,30.0,9.144701086956514
2.333333333333333,1.8333333333333333,0.0064,25.0,9.157608695652165
2.333333333333333,1.8333333333333333,0.0064,20.0,9.052309782608686
2.333333333333333,1.8333333333333333,0.0064,15.0,9.844429347826079
2.333333333333333,1.8333333333333333,0.0064,10.0,10.203804347826079
2.333333333333333,1.8333333333333333,0.0052,30.0,8.093070652173905
2.333333333333333,1.8333333333333333,0.0052,25.0,8.496603260869557
2.333333333333333,1.8333333333333333,0.0052,20.0,7.940217391304338
2.333333333333333,1.8333333333333333,0.0052,15.0,8.948369565217382
2.333333333333333,1.8333333333333333,0.0052,10.0,9.49796195652173
2.333333333333333,1.8333333333333333,0.004,30.0,7.070652173913035
2.333333333333333,1.8333333333333333,0.004,25.0,6.663722826086946
2.333333333333333,1.8333333333333333,0.004,20.0,7.08967391304347
2.333333333333333,1.8333333333333333,0.004,15.0,7.93342391304347
2.333333333333333,1.8333333333333333,0.004,10.0,8.110054347826075
2.333333333333333,1.6666666666666665,0.01,30.0,10.675271739130427
2.333333333333333,1.6666666666666665,0.01,25.0,10.601222826086948
2.333333333333333,1.6666666666666665,0.01,20.0,11.244565217391298
2.333333333333333,1.6666666666666665,0.01,15.0,11.58491847826086
2.333333333333333,1.6666666666666665,0.01,10.0,11.630434782608688
2.333333333333333,1.6666666666666665,0.0088,30.0,10.173233695652167
2.333333333333333,1.6666666666666665,0.0088,25.0,10.479619565217384
2.333333333333333,1.6666666666666665,0.0088,20.0,10.652173913043471
2.333333333333333,1.6666666666666665,0.0088,15.0,10.900815217391298
2.333333333333333,1.6666666666666665,0.0088,10.0,11.2235054347826
2.333333333333333,1.6666666666666665,0.007600000000000001,30.0,9.735054347826079
2.333333333333333,1.6666666666666665,0.007600000000000001,25.0,9.483016304347819
2.333333333333333,1.6666666666666665,0.007600000000000001,20.0,9.961956521739124
2.333333333333333,1.6666666666666665,0.007600000000000001,15.0,10.529891304347819
2.333333333333333,1.6666666666666665,0.007600000000000001,10.0,10.66576086956521
2.333333333333333,1.6666666666666665,0.0064,30.0,9.063179347826079
2.333333333333333,1.6666666666666665,0.0064,25.0,9.118206521739124
2.333333333333333,1.6666666666666665,0.0064,20.0,8.882472826086946
2.333333333333333,1.6666666666666665,0.0064,15.0,9.905570652173905
2.333333333333333,1.6666666666666665,0.0064,10.0,9.9891304347826
2.333333333333333,1.6666666666666665,0.0052,30.0,8.264266304347816
2.333333333333333,1.6666666666666665,0.0052,25.0,8.056385869565208
2.333333333333333,1.6666666666666665,0.0052,20.0,8.536684782608686
2.333333333333333,1.6666666666666665,0.0052,15.0,9.023097826086946
2.333333333333333,1.6666666666666665,0.0052,10.0,9.327445652173905
2.333333333333333,1.6666666666666665,0.004,30.0,6.979619565217384
2.333333333333333,1.6666666666666665,0.004,25.0,6.792119565217382
2.333333333333333,1.6666666666666665,0.004,20.0,6.776494565217382
2.333333333333333,1.6666666666666665,0.004,15.0,7.544157608695643
2.333333333333333,1.6666666666666665,0.004,10.0,8.165760869565206
2.333333333333333,1.5,0.01,30.0,10.673233695652167
2.333333333333333,1.5,0.01,25.0,10.716032608695643
2.333333333333333,1.5,0.01,20.0,10.838315217391298
2.333333333333333,1.5,0.01,15.0,11.438858695652163
2.333333333333333,1.5,0.01,10.0,11.773777173913036
2.333333333333333,1.5,0.0088,30.0,10.247961956521731
2.333333333333333,1.5,0.0088,25.0,10.17459239130434
2.333333333333333,1.5,0.0088,20.0,10.64334239130434
2.333333333333333,1.5,0.0088,15.0,10.980978260869557
2.333333333333333,1.5,0.0088,10.0,11.370244565217384
2.333333333333333,1.5,0.007600000000000001,30.0,9.72622282608695
2.333333333333333,1.5,0.007600000000000001,25.0,9.707201086956513
2.333333333333333,1.5,0.007600000000000001,20.0,9.6922554347826
2.333333333333333,1.5,0.007600000000000001,15.0,10.58084239130434
2.333333333333333,1.5,0.007600000000000001,10.0,10.889945652173905
2.333333333333333,1.5,0.0064,30.0,8.917119565217384
2.333333333333333,1.5,0.0064,25.0,9.242527173913034
2.333333333333333,1.5,0.0064,20.0,9.588994565217384
2.333333333333333,1.5,0.0064,15.0,9.840353260869557
2.333333333333333,1.5,0.0064,10.0,9.918478260869557
2.333333333333333,1.5,0.0052,30.0,7.818614130434774
2.333333333333333,1.5,0.0052,25.0,8.375679347826079
2.333333333333333,1.5,0.0052,20.0,8.54483695652173
2.333333333333333,1.5,0.0052,15.0,9.023097826086946
2.333333333333333,1.5,0.0052,10.0,9.247961956521731
2.333333333333333,1.5,0.004,30.0,6.932065217391295
2.333333333333333,1.5,0.004,25.0,6.9266304347826
2.333333333333333,1.5,0.004,20.0,7.072690217391296
2.333333333333333,1.5,0.004,15.0,7.845108695652164
2.333333333333333,1.5,0.004,10.0,8.081521739130423
2.333333333333333,1.3333333333333333,0.01,30.0,10.686820652173905
2.333333333333333,1.3333333333333333,0.01,25.0,10.806385869565208
2.333333333333333,1.3333333333333333,0.01,20.0,11.2860054347826
2.333333333333333,1.3333333333333333,0.01,15.0,11.226902173913034
2.333333333333333,1.3333333333333333,0.01,10.0,11.559103260869556
2.333333333333333,1.3333333333333333,0.0088,30.0,10.379076086956514
2.333333333333333,1.3333333333333333,0.0088,25.0,9.94701086956521
2.333333333333333,1.3333333333333333,0.0088,20.0,10.521059782608688
2.333333333333333,1.3333333333333333,0.0088,15.0,10.979619565217384
2.333333333333333,1.3333333333333333,0.0088,10.0,11.080163043478253
2.333333333333333,1.3333333333333333,0.007600000000000001,30.0,9.667119565217382
2.333333333333333,1.3333333333333333,0.007600000000000001,25.0,9.811141304347819
2.333333333333333,1.3333333333333333,0.007600000000000001,20.0,9.85326086956521
2.333333333333333,1.3333333333333333,0.007600000000000001,15.0,10.529211956521731
2.333333333333333,1.3333333333333333,0.007600000000000001,10.0,10.39741847826086
2.333333333333333,1.3333333333333333,0.0064,30.0,8.943614130434774
2.333333333333333,1.3333333333333333,0.0064,25.0,8.94904891304347
2.333333333333333,1.3333333333333333,0.0064,20.0,9.277173913043471
2.333333333333333,1.3333333333333333,0.0064,15.0,10.04076086956521
2.333333333333333,1.3333333333333333,0.0064,10.0,9.834918478260862
2.333333333333333,1.3333333333333333,0.0052,30.0,8.172554347826077
2.333333333333333,1.3333333333333333,0.0052,25.0,8.203124999999991
2.333333333333333,1.3333333333333333,0.0052,20.0,8.008152173913034
2.333333333333333,1.3333333333333333,0.0052,15.0,8.693614130434772
2.333333333333333,1.3333333333333333,0.0052,10.0,9.22758152173912
2.333333333333333,1.3333333333333333,0.004,30.0,6.819972826086948
2.333333333333333,1.3333333333333333,0.004,25.0,7.221467391304339
2.333333333333333,1.3333333333333333,0.004,20.0,6.9510869565217295
2.333333333333333,1.3333333333333333,0.004,15.0,7.720788043478252
2.333333333333333,1.3333333333333333,0.004,10.0,8.003396739130423
2.333333333333333,1.1666666666666667,0.01,30.0,10.544157608695643
2.333333333333333,1.1666666666666667,0.01,25.0,10.506114130434776
2.333333333333333,1.1666666666666667,0.01,20.0,10.933423913043471
2.333333333333333,1.1666666666666667,0.01,15.0,11.39741847826086
2.333333333333333,1.1666666666666667,0.01,10.0,11.686141304347816
2.333333333333333,1.1666666666666667,0.0088,30.0,10.191576086956514
2.333333333333333,1.1666666666666667,0.0088,25.0,10.050951086956514
2.333333333333333,1.1666666666666667,0.0088,20.0,10.796874999999993
2.333333333333333,1.1666666666666667,0.0088,15.0,10.899456521739124
2.333333333333333,1.1666666666666667,0.0088,10.0,11.316576086956513
2.333333333333333,1.1666666666666667,0.007600000000000001,30.0,9.406929347826079
2.333333333333333,1.1666666666666667,0.007600000000000001,25.0,9.557744565217384
2.333333333333333,1.1666666666666667,0.007600000000000001,20.0,9.699728260869557
2.333333333333333,1.1666666666666667,0.007600000000000001,15.0,10.331521739130427
2.333333333333333,1.1666666666666667,0.007600000000000001,10.0,10.507472826086948
2.333333333333333,1.1666666666666667,0.0064,30.0,9.17459239130434
2.333333333333333,1.1666666666666667,0.0064,25.0,8.982336956521731
2.333333333333333,1.1666666666666667,0.0064,20.0,8.807065217391296
2.333333333333333,1.1666666666666667,0.0064,15.0,9.951086956521731
2.333333333333333,1.1666666666666667,0.0064,10.0,10.074728260869557
2.333333333333333,1.1666666666666667,0.0052,30.0,8.167119565217382
2.333333333333333,1.1666666666666667,0.0052,25.0,7.8654891304347725
2.333333333333333,1.1666666666666667,0.0052,20.0,7.778532608695643
2.333333333333333,1.1666666666666667,0.0052,15.0,8.76562499999999
2.333333333333333,1.1666666666666667,0.0052,10.0,9.065896739130427
2.333333333333333,1.1666666666666667,0.004,30.0,6.820652173913036
2.333333333333333,1.1666666666666667,0.004,25.0,7.116168478260861
2.333333333333333,1.1666666666666667,0.004,20.0,7.136548913043469
2.333333333333333,1.1666666666666667,0.004,15.0,7.608016304347817
2.333333333333333,1.1666666666666667,0.004,10.0,7.971467391304338
2.333333333333333,1.0,0.01,30.0,10.563858695652167
2.333333333333333,1.0,0.01,25.0,10.779211956521731
2.333333333333333,1.0,0.01,20.0,11.166440217391294
2.333333333333333,1.0,0.01,15.0,11.354619565217384
2.333333333333333,1.0,0.01,10.0,11.536684782608686
2.333333333333333,1.0,0.0088,30.0,10.158288043478253
2.333333333333333,1.0,0.0088,25.0,10.039402173913036
2.333333333333333,1.0,0.0088,20.0,10.238451086956513
2.333333333333333,1.0,0.0088,15.0,10.88179347826086
2.333333333333333,1.0,0.0088,10.0,11.188858695652167
2.333333333333333,1.0,0.007600000000000001,30.0,9.543478260869557
2.333333333333333,1.0,0.007600000000000001,25.0,9.6922554347826
2.333333333333333,1.0,0.007600000000000001,20.0,9.9110054347826
2.333333333333333,1.0,0.007600000000000001,15.0,10.203804347826079
2.333333333333333,1.0,0.007600000000000001,10.0,10.73029891304347
2.333333333333333,1.0,0.0064,30.0,8.755434782608686
2.333333333333333,1.0,0.0064,25.0,9.101902173913034
2.333333333333333,1.0,0.0064,20.0,8.86209239130434
2.333333333333333,1.0,0.0064,15.0,9.733016304347817
2.333333333333333,1.0,0.0064,10.0,10.019021739130427
2.333333333333333,1.0,0.0052,30.0,8.078804347826079
2.333333333333333,1.0,0.0052,25.0,7.945652173913035
2.333333333333333,1.0,0.0052,20.0,8.387228260869556
2.333333333333333,1.0,0.0052,15.0,8.74116847826086
2.333333333333333,1.0,0.0052,10.0,8.954483695652163
2.333333333333333,1.0,0.004,30.0,6.796195652173901
2.333333333333333,1.0,0.004,25.0,6.852581521739122
2.333333333333333,1.0,0.004,20.0,7.0516304347826
2.333333333333333,1.0,0.004,15.0,7.979619565217382
2.333333333333333,1.0,0.004,10.0,8.145380434782597
2.1666666666666665,2.1666666666666665,0.01,30.0,10.573369565217384
2.1666666666666665,2.1666666666666665,0.01,25.0,10.721467391304339
2.1666666666666665,2.1666666666666665,0.01,20.0,11.08559782608695
2.1666666666666665,2.1666666666666665,0.01,15.0,11.5726902173913
2.1666666666666665,2.1666666666666665,0.01,10.0,11.684103260869557
2.1666666666666665,2.1666666666666665,0.0088,30.0,10.22622282608695
2.1666666666666665,2.1666666666666665,0.0088,25.0,10.487771739130427
2.1666666666666665,2.1666666666666665,0.0088,20.0,10.771739130434776
2.1666666666666665,2.1666666666666665,0.0088,15.0,11.127038043478253
2.1666666666666665,2.1666666666666665,0.0088,10.0,11.226222826086946
2.1666666666666665,2.1666666666666665,0.007600000000000001,30.0,9.661684782608688
2.1666666666666665,2.1666666666666665,0.007600000000000001,25.0,9.800951086956514
2.1666666666666665,2.1666666666666665,0.007600000000000001,20.0,9.939538043478253
2.1666666666666665,2.1666666666666665,0.007600000000000001,15.0,10.545516304347819
2.1666666666666665,2.1666666666666665,0.007600000000000001,10.0,10.656929347826079
2.1666666666666665,2.1666666666666665,0.0064,30.0,8.989809782608688
2.1666666666666665,2.1666666666666665,0.0064,25.0,9.120244565217382
2.1666666666666665,2.1666666666666665,0.0064,20.0,8.833559782608686
2.1666666666666665,2.1666666666666665,0.0064,15.0,9.85122282608695
2.1666666666666665,2.1666666666666665,0.0064,10.0,10.1453804347826
2.1666666666666665,2.1666666666666665,0.0052,30.0,8.1610054347826
2.1666666666666665,2.1666666666666665,0.0052,25.0,7.9979619565217295
2.1666666666666665,2.1666666666666665,0.0052,20.0,8.398097826086946
2.1666666666666665,2.1666666666666665,0.0052,15.0,9.124320652173903
2.1666666666666665,2.1666666666666665,0.0052,10.0,9.266304347826077
2.1666666666666665,2.1666666666666665,0.004,30.0,6.930027173913035
2.1666666666666665,2.1666666666666665,0.004,25.0,6.790760869565207
2.1666666666666665,2.1666666666666665,0.004,20.0,7.358016304347815
2.1666666666666665,2.1666666666666665,0.004,15.0,7.686141304347816
2.1666666666666665,2.1666666666666665,0.004,10.0,7.896059782608685
2.1666666666666665,2.0,0.01,30.0,10.633831521739122
2.1666666666666665,2.0,0.01,25.0,10.595788043478253
2.1666666666666665,2.0,0.01,20.0,11.003396739130427
2.1666666666666665,2.0,0.01,15.0,11.372282608695645
2.1666666666666665,2.0,0.01,10.0,11.671874999999993
2.1666666666666665,2.0,0.0088,30.0,10.1922554347826
2.1666666666666665,2.0,0.0088,25.0,10.06521739130434
2.1666666666666665,2.0,0.0088,20.0,10.33491847826086
2.1666666666666665,2.0,0.0088,15.0,10.934103260869557
2.1666666666666665,2.0,0.0088,10.0,11.248641304347816
2.1666666666666665,2.0,0.007600000000000001,30.0,9.652853260869557
2.1666666666666665,2.0,0.007600000000000001,25.0,9.77513586956521
2.1666666666666665,2.0,0.007600000000000001,20.0,9.761548913043471
2.1666666666666665,2.0,0.007600000000000001,15.0,10.465353260869557
2.1666666666666665,2.0,0.007600000000000001,10.0,10.737771739130427
2.1666666666666665,2.0,0.0064,30.0,8.9735054347826
2.1666666666666665,2.0,0.0064,25.0,9.143342391304339
2.1666666666666665,2.0,0.0064,20.0,8.930027173913036
2.1666666666666665,2.0,0.0064,15.0,10.0203804347826
2.1666666666666665,2.0,0.0064,10.0,10.390624999999993
2.1666666666666665,2.0,0.0052,30.0,8.258152173913034
2.1666666666666665,2.0,0.0052,25.0,8.20312499999999
2.1666666666666665,2.0,0.0052,20.0,7.93546195652173
2.1666666666666665,2.0,0.0052,15.0,8.939538043478251
2.1666666666666665,2.0,0.0052,10.0,9.393342391304339
2.1666666666666665,2.0,0.004,30.0,6.992527173913035
2.1666666666666665,2.0,0.004,25.0,7.10733695652173
2.1666666666666665,2.0,0.004,20.0,7.023777173913033
2.1666666666666665,2.0,0.004,15.0,7.6535326086956434
2.1666666666666665,2.0,0.004,10.0,8.279211956521728
2.1666666666666665,1.8333333333333333,0.01,30.0,10.74388586956521
2.1666666666666665,1.8333333333333333,0.01,25.0,10.742527173913034
2.1666666666666665,1.8333333333333333,0.01,20.0,10.914402173913036
2.1666666666666665,1.8333333333333333,0.01,15.0,11.349184782608686
2.1666666666666665,1.8333333333333333,0.01,10.0,11.550271739130427
2.1666666666666665,1.8333333333333333,0.0088,30.0,10.241168478260862
2.1666666666666665,1.8333333333333333,0.0088,25.0,10.250679347826079
2.1666666666666665,1.8333333333333333,0.0088,20.0,10.34646739130434
2.1666666666666665,1.8333333333333333,0.0088,15.0,10.864809782608688
2.1666666666666665,1.8333333333333333,0.0088,10.0,11.329483695652167
2.1666666666666665,1.8333333333333333,0.007600000000000001,30.0,9.703124999999993
2.1666666666666665,1.8333333333333333,0.007600000000000001,25.0,9.982336956521731
2.1666666666666665,1.8333333333333333,0.007600000000000001,20.0,10.003396739130427
2.1666666666666665,1.8333333333333333,0.007600000000000001,15.0,10.258831521739124
2.1666666666666665,1.8333333333333333,0.007600000000000001,10.0,10.608695652173905
2.1666666666666665,1.8333333333333333,0.0064,30.0,9.003396739130427
2.1666666666666665,1.8333333333333333,0.0064,25.0,9.075407608695645
2.1666666666666665,1.8333333333333333,0.0064,20.0,9.364809782608688
2.1666666666666665,1.8333333333333333,0.0064,15.0,9.66304347826086
2.1666666666666665,1.8333333333333333,0.0064,10.0,9.905570652173905
2.1666666666666665,1.8333333333333333,0.0052,30.0,8.18546195652173
2.1666666666666665,1.8333333333333333,0.0052,25.0,8.222826086956513
2.1666666666666665,1.8333333333333333,0.0052,20.0,8.157608695652163
2.1666666666666665,1.8333333333333333,0.0052,15.0,9.076086956521731
2.1666666666666665,1.8333333333333333,0.0052,10.0,9.431385869565208
2.1666666666666665,1.8333333333333333,0.004,30.0,6.807744565217383
2.1666666666666665,1.8333333333333333,0.004,25.0,7.05570652173912
2.1666666666666665,1.8333333333333333,0.004,20.0,7.2099184782608585
2.1666666666666665,1.8333333333333333,0.004,15.0,7.940896739130424
2.1666666666666665,1.8333333333333333,0.004,10.0,8.138586956521728
2.1666666666666665,1.6666666666666665,0.01,30.0,10.620244565217382
2.1666666666666665,1.6666666666666665,0.01,25.0,10.959918478260862
2.1666666666666665,1.6666666666666665,0.01,20.0,10.906249999999991
2.1666666666666665,1.6666666666666665,0.01,15.0,11.457201086956514
2.1666666666666665,1.6666666666666665,0.01,10.0,11.512907608695642
2.1666666666666665,1.6666666666666665,0.0088,30.0,10.269021739130427
2.1666666666666665,1.6666666666666665,0.0088,25.0,10.248641304347817
2.1666666666666665,1.6666666666666665,0.0088,20.0,10.294157608695643
2.1666666666666665,1.6666666666666665,0.0088,15.0,10.966711956521731
2.1666666666666665,1.6666666666666665,0.0088,10.0,11.313858695652163
2.1666666666666665,1.6666666666666665,0.007600000000000001,30.0,9.663722826086948
2.1666666666666665,1.6666666666666665,0.007600000000000001,25.0,10.06521739130434
2.1666666666666665,1.6666666666666665,0.007600000000000001,20.0,10.05638586956521
2.1666666666666665,1.6666666666666665,0.007600000000000001,15.0,10.614809782608688
2.1666666666666665,1.6666666666666665,0.007600000000000001,10.0,10.822690217391298
2.1666666666666665,1.6666666666666665,0.0064,30.0,9.011548913043471
2.1666666666666665,1.6666666666666665,0.0064,25.0,8.8953804347826
2.1666666666666665,1.6666666666666665,0.0064,20.0,9.105978260869557
2.1666666666666665,1.6666666666666665,0.0064,15.0,9.899456521739124
2.1666666666666665,1.6666666666666665,0.0064,10.0,9.892663043478253
2.1666666666666665,1.6666666666666665,0.0052,30.0,7.978260869565207
2.1666666666666665,1.6666666666666665,0.0052,25.0,8.209239130434774
2.1666666666666665,1.6666666666666665,0.0052,20.0,8.031929347826079
2.1666666666666665,1.6666666666666665,0.0052,15.0,8.980298913043468
2.1666666666666665,1.6666666666666665,0.0052,10.0,9.277853260869556
2.1666666666666665,1.6666666666666665,0.004,30.0,7.0203804347826
2.1666666666666665,1.6666666666666665,0.004,25.0,7.1311141304347725
2.1666666666666665,1.6666666666666665,0.004,20.0,7.237771739130425
2.1666666666666665,1.6666666666666665,0.004,15.0,7.915760869565207
2.1666666666666665,1.6666666666666665,0.004,10.0,8.122961956521728
2.1666666666666665,1.5,0.01,30.0,10.566576086956513
2.1666666666666665,1.5,0.01,25.0,10.695652173913036
2.1666666666666665,1.5,0.01,20.0,10.531249999999993
2.1666666666666665,1.5,0.01,15.0,11.341711956521731
2.1666666666666665,1.5,0.01,10.0,11.652173913043471
2.1666666666666665,1.5,0.0088,30.0,10.148777173913036
2.1666666666666665,1.5,0.0088,25.0,10.216032608695643
2.1666666666666665,1.5,0.0088,20.0,10.177309782608686
2.1666666666666665,1.5,0.0088,15.0,10.947690217391296
2.1666666666666665,1.5,0.0088,10.0,10.974864130434774
2.1666666666666665,1.5,0.007600000000000001,30.0,9.61209239130434
2.1666666666666665,1.5,0.007600000000000001,25.0,9.887228260869557
2.1666666666666665,1.5,0.007600000000000001,20.0,10.135869565217384
2.1666666666666665,1.5,0.007600000000000001,15.0,10.639945652173905
2.1666666666666665,1.5,0.007600000000000001,10.0,10.686141304347819
2.1666666666666665,1.5,0.0064,30.0,8.997961956521731
2.1666666666666665,1.5,0.0064,25.0,9.255434782608688
2.1666666666666665,1.5,0.0064,20.0,9.461277173913036
2.1666666666666665,1.5,0.0064,15.0,9.465353260869557
2.1666666666666665,1.5,0.0064,10.0,10.021059782608688
2.1666666666666665,1.5,0.0052,30.0,8.224184782608686
2.1666666666666665,1.5,0.0052,25.0,7.9667119565217295
2.1666666666666665,1.5,0.0052,20.0,8.34171195652173
2.1666666666666665,1.5,0.0052,15.0,8.869565217391294
2.1666666666666665,1.5,0.0052,10.0,9.212635869565208
2.1666666666666665,1.5,0.004,30.0,6.898097826086946
2.1666666666666665,1.5,0.004,25.0,6.9279891304347725
2.1666666666666665,1.5,0.004,20.0,7.016304347826077
2.1666666666666665,1.5,0.004,15.0,7.795516304347816
2.1666666666666665,1.5,0.004,10.0,8.254755434782599
2.1666666666666665,1.3333333333333333,0.01,30.0,10.613451086956514
2.1666666666666665,1.3333333333333333,0.01,25.0,10.481657608695645
2.1666666666666665,1.3333333333333333,0.01,20.0,11.222146739130427
2.1666666666666665,1.3333333333333333,0.01,15.0,11.313179347826079
2.1666666666666665,1.3333333333333333,0.01,10.0,11.606657608695642
2.1666666666666665,1.3333333333333333,0.0088,30.0,10.150815217391298
2.1666666666666665,1.3333333333333333,0.0088,25.0,10.12771739130434
2.1666666666666665,1.3333333333333333,0.0088,20.0,10.57201086956521
2.1666666666666665,1.3333333333333333,0.0088,15.0,10.892663043478253
2.1666666666666665,1.3333333333333333,0.0088,10.0,11.222826086956514
2.1666666666666665,1.3333333333333333,0.007600000000000001,30.0,9.769021739130427
2.1666666666666665,1.3333333333333333,0.007600000000000001,25.0,9.781929347826079
2.1666666666666665,1.3333333333333333,0.007600000000000001,20.0,9.347146739130427
2.1666666666666665,1.3333333333333333,0.007600000000000001,15.0,10.343070652173905
2.1666666666666665,1.3333333333333333,0.007600000000000001,10.0,10.764266304347819
2.1666666666666665,1.3333333333333333,0.0064,30.0,8.831521739130427
2.1666666666666665,1.3333333333333333,0.0064,25.0,9.102581521739124
2.1666666666666665,1.3333333333333333,0.0064,20.0,9.478940217391298
2.1666666666666665,1.3333333333333333,0.0064,15.0,9.697690217391296
2.1666666666666665,1.3333333333333333,0.0064,10.0,9.999320652173905
2.1666666666666665,1.3333333333333333,0.0052,30.0,7.782608695652165
2.1666666666666665,1.3333333333333333,0.0052,25.0,8.133152173913034
2.1666666666666665,1.3333333333333333,0.0052,20.0,8.129076086956513
2.1666666666666665,1.3333333333333333,0.0052,15.0,8.83491847826086
2.1666666666666665,1.3333333333333333,0.0052,10.0,8.95991847826086
2.1666666666666665,1.3333333333333333,0.004,30.0,6.7567934782608585
2.1666666666666665,1.3333333333333333,0.004,25.0,6.807744565217383
2.1666666666666665,1.3333333333333333,0.004,20.0,6.851222826086946
2.1666666666666665,1.3333333333333333,0.004,15.0,7.959239130434772
2.1666666666666665,1.3333333333333333,0.004,10.0,8.084239130434772
2.1666666666666665,1.1666666666666667,0.01,30.0,10.599864130434776
2.1666666666666665,1.1666666666666667,0.01,25.0,10.8797554347826
2.1666666666666665,1.1666666666666667,0.01,20.0,10.700407608695645
2.1666666666666665,1.1666666666666667,0.01,15.0,11.289402173913036
2.1666666666666665,1.1666666666666667,0.01,10.0,11.739130434782599
2.1666666666666665,1.1666666666666667,0.0088,30.0,10.135190217391296
2.1666666666666665,1.1666666666666667,0.0088,25.0,10.294836956521731
2.1666666666666665,1.1666666666666667,0.0088,20.0,10.805706521739124
2.1666666666666665,1.1666666666666667,0.0088,15.0,10.860733695652167
2.1666666666666665,1.1666666666666667,0.0088,10.0,11.240489130434776
2.1666666666666665,1.1666666666666667,0.007600000000000001,30.0,9.47146739130434
2.1666666666666665,1.1666666666666667,0.007600000000000001,25.0,9.563179347826079
2.1666666666666665,1.1666666666666667,0.007600000000000001,20.0,10.208559782608688
2.1666666666666665,1.1666666666666667,0.007600000000000001,15.0,10.351902173913036
2.1666666666666665,1.1666666666666667,0.007600000000000001,10.0,10.67866847826086
2.1666666666666665,1.1666666666666667,0.0064,30.0,8.720788043478253
2.1666666666666665,1.1666666666666667,0.0064,25.0,9.1297554347826
2.1666666666666665,1.1666666666666667,0.0064,20.0,8.711277173913036
2.1666666666666665,1.1666666666666667,0.0064,15.0,9.942934782608688
2.1666666666666665,1.1666666666666667,0.0064,10.0,9.802989130434774
2.1666666666666665,1.1666666666666667,0.0052,30.0,8.009510869565208
2.1666666666666665,1.1666666666666667,0.0052,25.0,7.666440217391295
2.1666666666666665,1.1666666666666667,0.0052,20.0,8.275135869565208
2.1666666666666665,1.1666666666666667,0.0052,15.0,8.948369565217382
2.1666666666666665,1.1666666666666667,0.0052,10.0,9.110054347826077
2.1666666666666665,1.1666666666666667,0.004,30.0,7.056385869565209
2.1666666666666665,1.1666666666666667,0.004,25.0,7.1936141304347725
2.1666666666666665,1.1666666666666667,0.004,20.0,6.678668478260861
2.1666666666666665,1.1666666666666667,0.004,15.0,8.08016304347825
2.1666666666666665,1.1666666666666667,0.004,10.0,7.822010869565206
2.1666666666666665,1.0,0.01,30.0,10.460597826086948
2.1666666666666665,1.0,0.01,25.0,10.712635869565208
2.1666666666666665,1.0,0.01,20.0,10.6766304347826
2.1666666666666665,1.0,0.01,15.0,11.20584239130434
2.1666666666666665,1.0,0.01,10.0,11.41508152173912
2.1666666666666665,1.0,0.0088,30.0,10.165081521739124
2.1666666666666665,1.0,0.0088,25.0,10.147418478260862
2.1666666666666665,1.0,0.0088,20.0,10.019701086956513
2.1666666666666665,1.0,0.0088,15.0,10.946331521739122
2.1666666666666665,1.0,0.0088,10.0,11.045516304347819
2.1666666666666665,1.0,0.007600000000000001,30.0,9.482336956521731
2.1666666666666665,1.0,0.007600000000000001,25.0,9.524456521739122
2.1666666666666665,1.0,0.007600000000000001,20.0,10.052309782608688
2.1666666666666665,1.0,0.007600000000000001,15.0,10.377717391304339
2.1666666666666665,1.0,0.007600000000000001,10.0,10.713315217391296
2.1666666666666665,1.0,0.0064,30.0,8.85326086956521
2.1666666666666665,1.0,0.0064,25.0,8.931385869565208
2.1666666666666665,1.0,0.0064,20.0,8.744565217391296
2.1666666666666665,1.0,0.0064,15.0,9.762907608695643
2.1666666666666665,1.0,0.0064,10.0,9.807744565217384
2.1666666666666665,1.0,0.0052,30.0,8.087635869565208
2.1666666666666665,1.0,0.0052,25.0,8.340353260869557
2.1666666666666665,1.0,0.0052,20.0,8.386548913043468
2.1666666666666665,1.0,0.0052,15.0,8.896739130434774
2.1666666666666665,1.0,0.0052,10.0,9.152853260869556
2.1666666666666665,1.0,0.004,30.0,6.780570652173901
2.1666666666666665,1.0,0.004,25.0,6.833559782608687
2.1666666666666665,1.0,0.004,20.0,7.455842391304338
2.1666666666666665,1.0,0.004,15.0,8.002038043478251
2.1666666666666665,1.0,0.004,10.0,8.273097826086946
2.0,2.0,0.01,30.0,10.483016304347819
2.0,2.0,0.01,25.0,10.674592391304339
2.0,2.0,0.01,20.0,10.995923913043471
2.0,2.0,0.01,15.0,11.4578804347826
2.0,2.0,0.01,10.0,11.470788043478251
2.0,2.0,0.0088,30.0,10.125679347826079
2.0,2.0,0.0088,25.0,10.162364130434776
2.0,2.0,0.0088,20.0,10.561820652173905
2.0,2.0,0.0088,15.0,10.75679347826086
2.0,2.0,0.0088,10.0,11.122961956521731
2.0,2.0,0.007600000000000001,30.0,9.682065217391298
2.0,2.0,0.007600000000000001,25.0,9.788043478260862
2.0,2.0,0.007600000000000001,20.0,9.557065217391296
2.0,2.0,0.007600000000000001,15.0,10.421874999999993
2.0,2.0,0.007600000000000001,10.0,10.711277173913034
2.0,2.0,0.0064,30.0,8.918478260869557
2.0,2.0,0.0064,25.0,9.148097826086948
2.0,2.0,0.0064,20.0,9.563179347826079
2.0,2.0,0.0064,15.0,9.776494565217384
2.0,2.0,0.0064,10.0,9.959918478260862
2.0,2.0,0.0052,30.0,7.970108695652164
2.0,2.0,0.0052,25.0,8.253396739130425
2.0,2.0,0.0052,20.0,8.31046195652173
2.0,2.0,0.0052,15.0,9.150815217391296
2.0,2.0,0.0052,10.0,9.333559782608686
2.0,2.0,0.004,30.0,7.0353260869565135
2.0,2.0,0.004,25.0,6.949048913043469
2.0,2.0,0.004,20.0,6.51562499999999
2.0,2.0,0.004,15.0,7.847146739130425
2.0,2.0,0.004,10.0,7.860054347826076
2.0,1.8333333333333333,0.01,30.0,10.588315217391296
2.0,1.8333333333333333,0.01,25.0,10.608695652173905
2.0,1.8333333333333333,0.01,20.0,10.821331521739122
2.0,1.8333333333333333,0.01,15.0,11.158288043478251
2.0,1.8333333333333333,0.01,10.0,11.436141304347819
2.0,1.8333333333333333,0.0088,30.0,10.167119565217382
2.0,1.8333333333333333,0.0088,25.0,10.048233695652167
2.0,1.8333333333333333,0.0088,20.0,10.358016304347819
2.0,1.8333333333333333,0.0088,15.0,10.96263586956521
2.0,1.8333333333333333,0.0088,10.0,10.812499999999991
2.0,1.8333333333333333,0.007600000000000001,30.0,9.673913043478253
2.0,1.8333333333333333,0.007600000000000001,25.0,9.774456521739124
2.0,1.8333333333333333,0.007600000000000001,20.0,9.716032608695643
2.0,1.8333333333333333,0.007600000000000001,15.0,10.336956521739124
2.0,1.8333333333333333,0.007600000000000001,10.0,10.728260869565208
2.0,1.8333333333333333,0.0064,30.0,8.842391304347819
2.0,1.8333333333333333,0.0064,25.0,9.04959239130434
2.0,1.8333333333333333,0.0064,20.0,8.789402173913034
2.0,1.8333333333333333,0.0064,15.0,9.777853260869557
2.0,1.8333333333333333,0.0064,10.0,9.985733695652165
2.0,1.8333333333333333,0.0052,30.0,8.087635869565208
2.0,1.8333333333333333,0.0052,25.0,8.296195652173903
2.0,1.8333333333333333,0.0052,20.0,8.78804347826086
2.0,1.8333333333333333,0.0052,15.0,8.773777173913034
2.0,1.8333333333333333,0.0052,10.0,9.387907608695642
2.0,1.8333333333333333,0.004,30.0,6.764266304347817
2.0,1.8333333333333333,0.004,25.0,6.8485054347826
2.0,1.8333333333333333,0.004,20.0,6.805027173913035
2.0,1.8333333333333333,0.004,15.0,8.004755434782599
2.0,1.8333333333333333,0.004,10.0,7.952445652173903
2.0,1.6666666666666665,0.01,30.0,10.445652173913034
2.0,1.6666666666666665,0.01,25.0,10.593749999999993
2.0,1.6666666666666665,0.01,20.0,10.448369565217384
2.0,1.6666666666666665,0.01,15.0,11.408288043478251
2.0,1.6666666666666665,0.01,10.0,11.467391304347816
2.0,1.6666666666666665,0.0088,30.0,10.074728260869557
2.0,1.6666666666666665,0.0088,25.0,10.284646739130427
2.0,1.6666666666666665,0.0088,20.0,10.686820652173905
2.0,1.6666666666666665,0.0088,15.0,10.845108695652165
2.0,1.6666666666666665,0.0088,10.0,11.18070652173912
2.0,1.6666666666666665,0.007600000000000001,30.0,9.7703804347826
2.0,1.6666666666666665,0.007600000000000001,25.0,9.79959239130434
2.0,1.6666666666666665,0.007600000000000001,20.0,9.691576086956513
2.0,1.6666666666666665,0.007600000000000001,15.0,10.191576086956513
2.0,1.6666666666666665,0.007600000000000001,10.0,10.600543478260862
2.0,1.6666666666666665,0.0064,30.0,8.765624999999993
2.0,1.6666666666666665,0.0064,25.0,8.912364130434776
2.0,1.6666666666666665,0.0064,20.0,8.94021739130434
2.0,1.6666666666666665,0.0064,15.0,9.677309782608688
2.0,1.6666666666666665,0.0064,10.0,10.048233695652167
2.0,1.6666666666666665,0.0052,30.0,8.283288043478253
2.0,1.6666666666666665,0.0052,25.0,7.775135869565207
2.0,1.6666666666666665,0.0052,20.0,8.15421195652173
2.0,1.6666666666666665,0.0052,15.0,9.093070652173903
2.0,1.6666666666666665,0.0052,10.0,8.858695652173903
2.0,1.6666666666666665,0.004,30.0,6.479619565217382
2.0,1.6666666666666665,0.004,25.0,6.986413043478252
2.0,1.6666666666666665,0.004,20.0,7.206521739130424
2.0,1.6666666666666665,0.004,15.0,7.889266304347816
2.0,1.6666666666666665,0.004,10.0,8.07812499999999
2.0,1.5,0.01,30.0,10.485054347826079
2.0,1.5,0.01,25.0,10.749320652173905
2.0,1.5,0.01,20.0,11.042798913043471
2.0,1.5,0.01,15.0,11.212635869565208
2.0,1.5,0.01,10.0,11.317934782608686
2.0,1.5,0.0088,30.0,10.011548913043471
2.0,1.5,0.0088,25.0,10.190896739130427
2.0,1.5,0.0088,20.0,10.368206521739124
2.0,1.5,0.0088,15.0,10.860733695652167
2.0,1.5,0.0088,10.0,11.142663043478253
2.0,1.5,0.007600000000000001,30.0,9.593749999999991
2.0,1.5,0.007600000000000001,25.0,9.739809782608688
2.0,1.5,0.007600000000000001,20.0,9.894701086956514
2.0,1.5,0.007600000000000001,15.0,10.575407608695643
2.0,1.5,0.007600000000000001,10.0,10.50679347826086
2.0,1.5,0.0064,30.0,8.815896739130427
2.0,1.5,0.0064,25.0,8.978260869565208
2.0,1.5,0.0064,20.0,9.641304347826079
2.0,1.5,0.0064,15.0,9.394701086956513
2.0,1.5,0.0064,10.0,10.167119565217384
2.0,1.5,0.0052,30.0,8.120923913043468
2.0,1.5,0.0052,25.0,7.983016304347816
2.0,1.5,0.0052,20.0,8.291440217391294
2.0,1.5,0.0052,15.0,8.800271739130425
2.0,1.5,0.0052,10.0,9.201766304347816
2.0,1.5,0.004,30.0,7.092391304347817
2.0,1.5,0.004,25.0,6.639945652173903
2.0,1.5,0.004,20.0,7.3124999999999885
2.0,1.5,0.004,15.0,7.637907608695643
2.0,1.5,0.004,10.0,7.705842391304338
2.0,1.3333333333333333,0.01,30.0,10.561820652173905
2.0,1.3333333333333333,0.01,25.0,10.834239130434776
2.0,1.3333333333333333,0.01,20.0,10.599864130434774
2.0,1.3333333333333333,0.01,15.0,11.245923913043468
2.0,1.3333333333333333,0.01,10.0,11.457201086956513
2.0,1.3333333333333333,0.0088,30.0,10.19701086956521
2.0,1.3333333333333333,0.0088,25.0,10.258831521739124
2.0,1.3333333333333333,0.0088,20.0,10.6766304347826
2.0,1.3333333333333333,0.0088,15.0,10.917798913043471
2.0,1.3333333333333333,0.0088,10.0,11.230978260869557
2.0,1.3333333333333333,0.007600000000000001,30.0,9.504076086956514
2.0,1.3333333333333333,0.007600000000000001,25.0,9.579483695652167
2.0,1.3333333333333333,0.007600000000000001,20.0,9.562499999999991
2.0,1.3333333333333333,0.007600000000000001,15.0,10.584918478260862
2.0,1.3333333333333333,0.007600000000000001,10.0,10.726902173913036
2.0,1.3333333333333333,0.0064,30.0,8.906249999999993
2.0,1.3333333333333333,0.0064,25.0,9.154211956521731
2.0,1.3333333333333333,0.0064,20.0,8.9266304347826
2.0,1.3333333333333333,0.0064,15.0,9.779211956521731
2.0,1.3333333333333333,0.0064,10.0,9.97146739130434
2.0,1.3333333333333333,0.0052,30.0,8.063179347826079
2.0,1.3333333333333333,0.0052,25.0,7.916440217391295
2.0,1.3333333333333333,0.0052,20.0,8.027173913043468
2.0,1.3333333333333333,0.0052,15.0,8.985733695652163
2.0,1.3333333333333333,0.0052,10.0,9.188179347826077
2.0,1.3333333333333333,0.004,30.0,6.946331521739122
2.0,1.3333333333333333,0.004,25.0,6.786684782608687
2.0,1.3333333333333333,0.004,20.0,6.930027173913035
2.0,1.3333333333333333,0.004,15.0,7.512907608695644
2.0,1.3333333333333333,0.004,10.0,7.701086956521728
2.0,1.1666666666666667,0.01,30.0,10.508831521739124
2.0,1.1666666666666667,0.01,25.0,10.498641304347817
2.0,1.1666666666666667,0.01,20.0,10.78396739130434
2.0,1.1666666666666667,0.01,15.0,11.307744565217384
2.0,1.1666666666666667,0.01,10.0,11.510190217391298
2.0,1.1666666666666667,0.0088,30.0,9.911684782608686
2.0,1.1666666666666667,0.0088,25.0,10.203804347826079
2.0,1.1666666666666667,0.0088,20.0,10.475543478260862
2.0,1.1666666666666667,0.0088,15.0,10.671874999999993
2.0,1.1666666666666667,0.0088,10.0,11.057065217391298
2.0,1.1666666666666667,0.007600000000000001,30.0,9.640624999999993
2.0,1.1666666666666667,0.007600000000000001,25.0,9.6141304347826
2.0,1.1666666666666667,0.007600000000000001,20.0,9.773777173913036
2.0,1.1666666666666667,0.007600000000000001,15.0,10.52717391304347
2.0,1.1666666666666667,0.007600000000000001,10.0,10.66779891304347
2.0,1.1666666666666667,0.0064,30.0,8.8328804347826
2.0,1.1666666666666667,0.0064,25.0,9.000679347826079
2.0,1.1666666666666667,0.0064,20.0,9.231657608695643
2.0,1.1666666666666667,0.0064,15.0,9.781249999999993
2.0,1.1666666666666667,0.0064,10.0,9.899456521739124
2.0,1.1666666666666667,0.0052,30.0,8.080163043478253
2.0,1.1666666666666667,0.0052,25.0,8.239809782608686
2.0,1.1666666666666667,0.0052,20.0,7.908288043478252
2.0,1.1666666666666667,0.0052,15.0,9.050271739130425
2.0,1.1666666666666667,0.0052,10.0,9.262907608695643
2.0,1.1666666666666667,0.004,30.0,6.762907608695644
2.0,1.1666666666666667,0.004,25.0,7.127038043478252
2.0,1.1666666666666667,0.004,20.0,7.079483695652164
2.0,1.1666666666666667,0.004,15.0,7.486413043478251
2.0,1.1666666666666667,0.004,10.0,7.931385869565207
2.0,1.0,0.01,30.0,10.350543478260862
2.0,1.0,0.01,25.0,10.527853260869557
2.0,1.0,0.01,20.0,10.606657608695645
2.0,1.0,0.01,15.0,11.362771739130427
2.0,1.0,0.01,10.0,11.536684782608686
2.0,1.0,0.0088,30.0,10.017663043478253
2.0,1.0,0.0088,25.0,10.360733695652165
2.0,1.0,0.0088,20.0,10.206521739130427
2.0,1.0,0.0088,15.0,10.813179347826079
2.0,1.0,0.0088,10.0,10.777853260869557
2.0,1.0,0.007600000000000001,30.0,9.535326086956513
2.0,1.0,0.007600000000000001,25.0,9.59646739130434
2.0,1.0,0.007600000000000001,20.0,9.916440217391298
2.0,1.0,0.007600000000000001,15.0,10.44021739130434
2.0,1.0,0.007600000000000001,10.0,10.707201086956513
2.0,1.0,0.0064,30.0,8.832201086956513
2.0,1.0,0.0064,25.0,9.018342391304339
2.0,1.0,0.0064,20.0,9.244565217391298
2.0,1.0,0.0064,15.0,9.713994565217384
2.0,1.0,0.0064,10.0,9.828124999999993
2.0,1.0,0.0052,30.0,8.068614130434772
2.0,1.0,0.0052,25.0,8.283288043478253
2.0,1.0,0.0052,20.0,7.85937499999999
2.0,1.0,0.0052,15.0,9.01562499999999
2.0,1.0,0.0052,10.0,9.05570652173912
2.0,1.0,0.004,30.0,6.800951086956514
2.0,1.0,0.004,25.0,6.868885869565205
2.0,1.0,0.004,20.0,7.449048913043467
2.0,1.0,0.004,15.0,8.028532608695642
2.0,1.0,0.004,10.0,8.205842391304337
1.8333333333333333,1.8333333333333333,0.01,30.0,10.343070652173905
1.8333333333333333,1.8333333333333333,0.01,25.0,10.47146739130434
1.8333333333333333,1.8333333333333333,0.01,20.0,10.517663043478253
1.8333333333333333,1.8333333333333333,0.01,15.0,11.282608695652167
1.8333333333333333,1.8333333333333333,0.01,10.0,11.49388586956521
1.8333333333333333,1.8333333333333333,0.0088,30.0,9.883152173913034
1.8333333333333333,1.8333333333333333,0.0088,25.0,10.169157608695645
1.8333333333333333,1.8333333333333333,0.0088,20.0,10.157608695652167
1.8333333333333333,1.8333333333333333,0.0088,15.0,10.767663043478253
1.8333333333333333,1.8333333333333333,0.0088,10.0,10.970108695652167
1.8333333333333333,1.8333333333333333,0.007600000000000001,30.0,9.4110054347826
1.8333333333333333,1.8333333333333333,0.007600000000000001,25.0,9.542798913043471
1.8333333333333333,1.8333333333333333,0.007600000000000001,20.0,10.055706521739122
1.8333333333333333,1.8333333333333333,0.007600000000000001,15.0,10.218070652173905
1.8333333333333333,1.8333333333333333,0.007600000000000001,10.0,10.504076086956513
1.8333333333333333,1.8333333333333333,0.0064,30.0,8.758152173913034
1.8333333333333333,1.8333333333333333,0.0064,25.0,8.716032608695645
1.8333333333333333,1.8333333333333333,0.0064,20.0,9.306385869565208
1.8333333333333333,1.8333333333333333,0.0064,15.0,9.729619565217384
1.8333333333333333,1.8333333333333333,0.0064,10.0,9.891304347826079
1.8333333333333333,1.8333333333333333,0.0052,30.0,7.924592391304338
1.8333333333333333,1.8333333333333333,0.0052,25.0,8.112771739130425
1.8333333333333333,1.8333333333333333,0.0052,20.0,8.459239130434774
1.8333333333333333,1.8333333333333333,0.0052,15.0,8.765624999999991
1.8333333333333333,1.8333333333333333,0.0052,10.0,9.233016304347816
1.8333333333333333,1.8333333333333333,0.004,30.0,6.942934782608683
1.8333333333333333,1.8333333333333333,0.004,25.0,7.103940217391296
1.8333333333333333,1.8333333333333333,0.004,20.0,7.04211956521738
1.8333333333333333,1.8333333333333333,0.004,15.0,7.581521739130425
1.8333333333333333,1.8333333333333333,0.004,10.0,7.636548913043469
1.8333333333333333,1.6666666666666665,0.01,30.0,10.289402173913036
1.8333333333333333,1.6666666666666665,0.01,25.0,10.629076086956514
1.8333333333333333,1.6666666666666665,0.01,20.0,10.646059782608686
1.8333333333333333,1.6666666666666665,0.01,15.0,11.073369565217384
1.8333333333333333,1.6666666666666665,0.01,10.0,11.228940217391294
1.8333333333333333,1.6666666666666665,0.0088,30.0,9.843749999999991
1.8333333333333333,1.6666666666666665,0.0088,25.0,9.968070652173905
1.8333333333333333,1.6666666666666665,0.0088,20.0,9.923913043478253
1.8333333333333333,1.6666666666666665,0.0088,15.0,10.672554347826079
1.8333333333333333,1.6666666666666665,0.0088,10.0,10.875679347826079
1.8333333333333333,1.6666666666666665,0.007600000000000001,30.0,9.481657608695643
1.8333333333333333,1.6666666666666665,0.007600000000000001,25.0,9.297554347826079
1.8333333333333333,1.6666666666666665,0.007600000000000001,20.0,9.374320652173905
1.8333333333333333,1.6666666666666665,0.007600000000000001,15.0,10.3172554347826
1.8333333333333333,1.6666666666666665,0.007600000000000001,10.0,10.459239130434776
1.8333333333333333,1.6666666666666665,0.0064,30.0,8.894701086956513
1.8333333333333333,1.6666666666666665,0.0064,25.0,9.045516304347819
1.8333333333333333,1.6666666666666665,0.0064,20.0,8.5985054347826
1.8333333333333333,1.6666666666666665,0.0064,15.0,9.362771739130427
1.8333333333333333,1.6666666666666665,0.0064,10.0,9.958559782608688
1.8333333333333333,1.6666666666666665,0.0052,30.0,7.749999999999991
1.8333333333333333,1.6666666666666665,0.0052,25.0,8.261548913043468
1.8333333333333333,1.6666666666666665,0.0052,20.0,7.825407608695643
1.8333333333333333,1.6666666666666665,0.0052,15.0,8.786684782608686
1.8333333333333333,1.6666666666666665,0.0052,10.0,9.127038043478251
1.8333333333333333,1.6666666666666665,0.004,30.0,6.875679347826078
1.8333333333333333,1.6666666666666665,0.004,25.0,6.722826086956512
1.8333333333333333,1.6666666666666665,0.004,20.0,6.519021739130426
1.8333333333333333,1.6666666666666665,0.004,15.0,7.689538043478251
1.8333333333333333,1.6666666666666665,0.004,10.0,7.783967391304338
1.8333333333333333,1.5,0.01,30.0,10.292119565217384
1.8333333333333333,1.5,0.01,25.0,10.608695652173905
1.8333333333333333,1.5,0.01,20.0,10.779211956521731
1.8333333333333333,1.5,0.01,15.0,11.209239130434776
1.8333333333333333,1.5,0.01,10.0,11.248641304347816
1.8333333333333333,1.5,0.0088,30.0,9.878396739130427
1.8333333333333333,1.5,0.0088,25.0,10.061820652173905
1.8333333333333333,1.5,0.0088,20.0,10.370244565217382
1.8333333333333333,1.5,0.0088,15.0,10.703804347826079
1.8333333333333333,1.5,0.0088,10.0,10.794157608695643
1.8333333333333333,1.5,0.007600000000000001,30.0,9.662364130434774
1.8333333333333333,1.5,0.007600000000000001,25.0,9.802989130434774
1.8333333333333333,1.5,0.007600000000000001,20.0,9.699048913043471
1.8333333333333333,1.5,0.007600000000000001,15.0,10.343749999999991
1.8333333333333333,1.5,0.007600000000000001,10.0,10.425271739130427
1.8333333333333333,1.5,0.0064,30.0,8.687499999999993
1.8333333333333333,1.5,0.0064,25.0,9.242527173913034
1.8333333333333333,1.5,0.0064,20.0,9.005434782608686
1.8333333333333333,1.5,0.0064,15.0,9.57201086956521
1.8333333333333333,1.5,0.0064,10.0,9.769701086956514
1.8333333333333333,1.5,0.0052,30.0,7.813858695652165
1.8333333333333333,1.5,0.0052,25.0,7.981657608695643
1.8333333333333333,1.5,0.0052,20.0,8.078124999999991
1.8333333333333333,1.5,0.0052,15.0,8.77717391304347
1.8333333333333333,1.5,0.0052,10.0,9.369565217391296
1.8333333333333333,1.5,0.004,30.0,6.928668478260861
1.8333333333333333,1.5,0.004,25.0,7.143342391304338
1.8333333333333333,1.5,0.004,20.0,7.110054347826076
1.8333333333333333,1.5,0.004,15.0,7.790760869565207
1.8333333333333333,1.5,0.004,10.0,7.730978260869556
1.8333333333333333,1.3333333333333333,0.01,30.0,10.299592391304339
1.8333333333333333,1.3333333333333333,0.01,25.0,10.482336956521731
1.8333333333333333,1.3333333333333333,0.01,20.0,10.812499999999991
1.8333333333333333,1.3333333333333333,0.01,15.0,11.17459239130434
1.8333333333333333,1.3333333333333333,0.01,10.0,11.290081521739124
1.8333333333333333,1.3333333333333333,0.0088,30.0,10.177989130434774
1.8333333333333333,1.3333333333333333,0.0088,25.0,10.245244565217382
1.8333333333333333,1.3333333333333333,0.0088,20.0,10.457201086956514
1.8333333333333333,1.3333333333333333,0.0088,15.0,10.802309782608688
1.8333333333333333,1.3333333333333333,0.0088,10.0,11.073369565217384
1.8333333333333333,1.3333333333333333,0.007600000000000001,30.0,9.4422554347826
1.8333333333333333,1.3333333333333333,0.007600000000000001,25.0,9.591711956521731
1.8333333333333333,1.3333333333333333,0.007600000000000001,20.0,9.58763586956521
1.8333333333333333,1.3333333333333333,0.007600000000000001,15.0,10.449728260869557
1.8333333333333333,1.3333333333333333,0.007600000000000001,10.0,10.421195652173905
1.8333333333333333,1.3333333333333333,0.0064,30.0,8.885869565217382
1.8333333333333333,1.3333333333333333,0.0064,25.0,8.899456521739124
1.8333333333333333,1.3333333333333333,0.0064,20.0,8.880434782608688
1.8333333333333333,1.3333333333333333,0.0064,15.0,9.677989130434774
1.8333333333333333,1.3333333333333333,0.0064,10.0,9.933423913043471
1.8333333333333333,1.3333333333333333,0.0052,30.0,8.144021739130425
1.8333333333333333,1.3333333333333333,0.0052,25.0,8.32812499999999
1.8333333333333333,1.3333333333333333,0.0052,20.0,8.26562499999999
1.8333333333333333,1.3333333333333333,0.0052,15.0,8.798233695652163
1.8333333333333333,1.3333333333333333,0.0052,10.0,9.229619565217382
1.8333333333333333,1.3333333333333333,0.004,30.0,6.802989130434775
1.8333333333333333,1.3333333333333333,0.004,25.0,6.65013586956521
1.8333333333333333,1.3333333333333333,0.004,20.0,6.745244565217382
1.8333333333333333,1.3333333333333333,0.004,15.0,7.665760869565206
1.8333333333333333,1.3333333333333333,0.004,10.0,8.010190217391294
1.8333333333333333,1.1666666666666667,0.01,30.0,10.233695652173905
1.8333333333333333,1.1666666666666667,0.01,25.0,10.453124999999993
1.8333333333333333,1.1666666666666667,0.01,20.0,10.792798913043471
1.8333333333333333,1.1666666666666667,0.01,15.0,11.213994565217384
1.8333333333333333,1.1666666666666667,0.01,10.0,11.233695652173903
1.8333333333333333,1.1666666666666667,0.0088,30.0,9.983695652173905
1.8333333333333333,1.1666666666666667,0.0088,25.0,10.182065217391298
1.8333333333333333,1.1666666666666667,0.0088,20.0,10.478940217391298
1.8333333333333333,1.1666666666666667,0.0088,15.0,10.877038043478253
1.8333333333333333,1.1666666666666667,0.0088,10.0,10.99388586956521
1.8333333333333333,1.1666666666666667,0.007600000000000001,30.0,9.35326086956521
1.8333333333333333,1.1666666666666667,0.007600000000000001,25.0,9.633831521739122
1.8333333333333333,1.1666666666666667,0.007600000000000001,20.0,9.96467391304347
1.8333333333333333,1.1666666666666667,0.007600000000000001,15.0,10.399456521739122
1.8333333333333333,1.1666666666666667,0.007600000000000001,10.0,10.345788043478253
1.8333333333333333,1.1666666666666667,0.0064,30.0,8.763586956521733
1.8333333333333333,1.1666666666666667,0.0064,25.0,8.9422554347826
1.8333333333333333,1.1666666666666667,0.0064,20.0,9.478260869565208
1.8333333333333333,1.1666666666666667,0.0064,15.0,9.740489130434774
1.8333333333333333,1.1666666666666667,0.0064,10.0,10.021059782608688
1.8333333333333333,1.1666666666666667,0.0052,30.0,7.988451086956514
1.8333333333333333,1.1666666666666667,0.0052,25.0,7.85937499999999
1.8333333333333333,1.1666666666666667,0.0052,20.0,7.801630434782599
1.8333333333333333,1.1666666666666667,0.0052,15.0,8.875679347826077
1.8333333333333333,1.1666666666666667,0.0052,10.0,9.108695652173903
1.8333333333333333,1.1666666666666667,0.004,30.0,6.780570652173904
1.8333333333333333,1.1666666666666667,0.004,25.0,6.9347826086956434
1.8333333333333333,1.1666666666666667,0.004,20.0,7.538722826086948
1.8333333333333333,1.1666666666666667,0.004,15.0,7.798233695652164
1.8333333333333333,1.1666666666666667,0.004,10.0,8.207880434782597
1.8333333333333333,1.0,0.01,30.0,10.42459239130434
1.8333333333333333,1.0,0.01,25.0,10.414402173913034
1.8333333333333333,1.0,0.01,20.0,10.529891304347817
1.8333333333333333,1.0,0.01,15.0,10.970108695652165
1.8333333333333333,1.0,0.01,10.0,11.156929347826079
1.8333333333333333,1.0,0.0088,30.0,9.879076086956514
1.8333333333333333,1.0,0.0088,25.0,10.092391304347819
1.8333333333333333,1.0,0.0088,20.0,10.474184782608686
1.8333333333333333,1.0,0.0088,15.0,10.857336956521731
1.8333333333333333,1.0,0.0088,10.0,10.94429347826086
1.8333333333333333,1.0,0.007600000000000001,30.0,9.372282608695645
1.8333333333333333,1.0,0.007600000000000001,25.0,9.581521739130427
1.8333333333333333,1.0,0.007600000000000001,20.0,9.669836956521731
1.8333333333333333,1.0,0.007600000000000001,15.0,10.24116847826086
1.8333333333333333,1.0,0.007600000000000001,10.0,10.276494565217384
1.8333333333333333,1.0,0.0064,30.0,8.919157608695643
1.8333333333333333,1.0,0.0064,25.0,8.63247282608695
1.8333333333333333,1.0,0.0064,20.0,9.296195652173905
1.8333333333333333,1.0,0.0064,15.0,9.525135869565208
1.8333333333333333,1.0,0.0064,10.0,9.940896739130427
1.8333333333333333,1.0,0.0052,30.0,8.012228260869556
1.8333333333333333,1.0,0.0052,25.0,8.015624999999991
1.8333333333333333,1.0,0.0052,20.0,8.275135869565208
1.8333333333333333,1.0,0.0052,15.0,8.563179347826077
1.8333333333333333,1.0,0.0052,10.0,9.382472826086946
1.8333333333333333,1.0,0.004,30.0,6.665081521739122
1.8333333333333333,1.0,0.004,25.0,7.1141304347826
1.8333333333333333,1.0,0.004,20.0,7.610733695652165
1.8333333333333333,1.0,0.004,15.0,7.924592391304339
1.8333333333333333,1.0,0.004,10.0,8.385190217391294
1.6666666666666665,1.6666666666666665,0.01,30.0,10.160326086956513
1.6666666666666665,1.6666666666666665,0.01,25.0,10.266304347826079
1.6666666666666665,1.6666666666666665,0.01,20.0,10.476902173913036
1.6666666666666665,1.6666666666666665,0.01,15.0,10.930706521739122
1.6666666666666665,1.6666666666666665,0.01,10.0,11.162364130434778
1.6666666666666665,1.6666666666666665,0.0088,30.0,9.819972826086948
1.6666666666666665,1.6666666666666665,0.0088,25.0,9.981657608695645
1.6666666666666665,1.6666666666666665,0.0088,20.0,10.014266304347817
1.6666666666666665,1.6666666666666665,0.0088,15.0,10.769021739130427
1.6666666666666665,1.6666666666666665,0.0088,10.0,10.621603260869557
1.6666666666666665,1.6666666666666665,0.007600000000000001,30.0,9.38179347826086
1.6666666666666665,1.6666666666666665,0.007600000000000001,25.0,9.563179347826079
1.6666666666666665,1.6666666666666665,0.007600000000000001,20.0,9.313179347826079
1.6666666666666665,1.6666666666666665,0.007600000000000001,15.0,10.172554347826079
1.6666666666666665,1.6666666666666665,0.007600000000000001,10.0,10.294836956521731
1.6666666666666665,1.6666666666666665,0.0064,30.0,8.65217391304347
1.6666666666666665,1.6666666666666665,0.0064,25.0,8.97622282608695
1.6666666666666665,1.6666666666666665,0.0064,20.0,8.482336956521731
1.6666666666666665,1.6666666666666665,0.0064,15.0,9.635869565217382
1.6666666666666665,1.6666666666666665,0.0064,10.0,9.637228260869557
1.6666666666666665,1.6666666666666665,0.0052,30.0,7.7561141304347725
1.6666666666666665,1.6666666666666665,0.0052,25.0,7.811820652173904
1.6666666666666665,1.6666666666666665,0.0052,20.0,7.610054347826078
1.6666666666666665,1.6666666666666665,0.0052,15.0,8.45991847826086
1.6666666666666665,1.6666666666666665,0.0052,10.0,9.000679347826079
1.6666666666666665,1.6666666666666665,0.004,30.0,6.900135869565209
1.6666666666666665,1.6666666666666665,0.004,25.0,6.999320652173904
1.6666666666666665,1.6666666666666665,0.004,20.0,6.300951086956512
1.6666666666666665,1.6666666666666665,0.004,15.0,7.400135869565209
1.6666666666666665,1.6666666666666665,0.004,10.0,7.673913043478251
1.6666666666666665,1.5,0.01,30.0,10.126358695652165
1.6666666666666665,1.5,0.01,25.0,10.269021739130427
1.6666666666666665,1.5,0.01,20.0,10.35326086956521
1.6666666666666665,1.5,0.01,15.0,10.858695652173905
1.6666666666666665,1.5,0.01,10.0,10.943614130434776
1.6666666666666665,1.5,0.0088,30.0,9.796874999999993
1.6666666666666665,1.5,0.0088,25.0,10.02513586956521
1.6666666666666665,1.5,0.0088,20.0,10.169157608695645
1.6666666666666665,1.5,0.0088,15.0,10.758831521739124
1.6666666666666665,1.5,0.0088,10.0,10.771059782608688
1.6666666666666665,1.5,0.007600000000000001,30.0,9.275815217391296
1.6666666666666665,1.5,0.007600000000000001,25.0,9.413722826086948
1.6666666666666665,1.5,0.007600000000000001,20.0,9.149456521739124
1.6666666666666665,1.5,0.007600000000000001,15.0,10.226902173913036
1.6666666666666665,1.5,0.007600000000000001,10.0,10.29279891304347
1.6666666666666665,1.5,0.0064,30.0,8.671874999999991
1.6666666666666665,1.5,0.0064,25.0,8.98709239130434
1.6666666666666665,1.5,0.0064,20.0,8.662364130434776
1.6666666666666665,1.5,0.0064,15.0,9.7703804347826
1.6666666666666665,1.5,0.0064,10.0,9.644021739130427
1.6666666666666665,1.5,0.0052,30.0,7.977581521739123
1.6666666666666665,1.5,0.0052,25.0,8.030570652173905
1.6666666666666665,1.5,0.0052,20.0,8.31929347826086
1.6666666666666665,1.5,0.0052,15.0,8.680027173913034
1.6666666666666665,1.5,0.0052,10.0,9.236413043478251
1.6666666666666665,1.5,0.004,30.0,6.795516304347817
1.6666666666666665,1.5,0.004,25.0,7.186820652173903
1.6666666666666665,1.5,0.004,20.0,7.08016304347825
1.6666666666666665,1.5,0.004,15.0,7.6453804347826
1.6666666666666665,1.5,0.004,10.0,7.623641304347815
1.6666666666666665,1.3333333333333333,0.01,30.0,10.009510869565208
1.6666666666666665,1.3333333333333333,0.01,25.0,10.197010869565208
1.6666666666666665,1.3333333333333333,0.01,20.0,10.300271739130427
1.6666666666666665,1.3333333333333333,0.01,15.0,10.976902173913036
1.6666666666666665,1.3333333333333333,0.01,10.0,11.06929347826086
1.6666666666666665,1.3333333333333333,0.0088,30.0,9.698369565217382
1.6666666666666665,1.3333333333333333,0.0088,25.0,9.802989130434774
1.6666666666666665,1.3333333333333333,0.0088,20.0,9.859374999999991
1.6666666666666665,1.3333333333333333,0.0088,15.0,10.530570652173905
1.6666666666666665,1.3333333333333333,0.0088,10.0,10.747961956521731
1.6666666666666665,1.3333333333333333,0.007600000000000001,30.0,9.24388586956521
1.6666666666666665,1.3333333333333333,0.007600000000000001,25.0,9.171195652173905
1.6666666666666665,1.3333333333333333,0.007600000000000001,20.0,9.474184782608688
1.6666666666666665,1.3333333333333333,0.007600000000000001,15.0,10.247961956521731
1.6666666666666665,1.3333333333333333,0.007600000000000001,10.0,10.550271739130427
1.6666666666666665,1.3333333333333333,0.0064,30.0,8.97146739130434
1.6666666666666665,1.3333333333333333,0.0064,25.0,9.086956521739124
1.6666666666666665,1.3333333333333333,0.0064,20.0,8.80366847826086
1.6666666666666665,1.3333333333333333,0.0064,15.0,9.540081521739124
1.6666666666666665,1.3333333333333333,0.0064,10.0,9.8641304347826
1.6666666666666665,1.3333333333333333,0.0052,30.0,7.8104619565217295
1.6666666666666665,1.3333333333333333,0.0052,25.0,8.23437499999999
1.6666666666666665,1.3333333333333333,0.0052,20.0,8.048913043478251
1.6666666666666665,1.3333333333333333,0.0052,15.0,9.014266304347817
1.6666666666666665,1.3333333333333333,0.0052,10.0,9.081521739130425
1.6666666666666665,1.3333333333333333,0.004,30.0,6.8124999999999885
1.6666666666666665,1.3333333333333333,0.004,25.0,6.909646739130425
1.6666666666666665,1.3333333333333333,0.004,20.0,6.823369565217382
1.6666666666666665,1.3333333333333333,0.004,15.0,7.7167119565217295
1.6666666666666665,1.3333333333333333,0.004,10.0,7.855978260869556
1.6666666666666665,1.1666666666666667,0.01,30.0,10.078804347826079
1.6666666666666665,1.1666666666666667,0.01,25.0,10.403532608695645
1.6666666666666665,1.1666666666666667,0.01,20.0,10.443614130434776
1.6666666666666665,1.1666666666666667,0.01,15.0,10.885869565217384
1.6666666666666665,1.1666666666666667,0.01,10.0,10.951766304347819
1.6666666666666665,1.1666666666666667,0.0088,30.0,9.851902173913034
1.6666666666666665,1.1666666666666667,0.0088,25.0,9.841032608695645
1.6666666666666665,1.1666666666666667,0.0088,20.0,9.942934782608686
1.6666666666666665,1.1666666666666667,0.0088,15.0,10.722146739130427
1.6666666666666665,1.1666666666666667,0.0088,10.0,10.751358695652169
1.6666666666666665,1.1666666666666667,0.007600000000000001,30.0,9.353940217391298
1.6666666666666665,1.1666666666666667,0.007600000000000001,25.0,9.266304347826079
1.6666666666666665,1.1666666666666667,0.007600000000000001,20.0,9.706521739130427
1.6666666666666665,1.1666666666666667,0.007600000000000001,15.0,10.144701086956513
1.6666666666666665,1.1666666666666667,0.007600000000000001,10.0,10.455842391304339
1.6666666666666665,1.1666666666666667,0.0064,30.0,8.80230978260869
1.6666666666666665,1.1666666666666667,0.0064,25.0,9.016983695652165
1.6666666666666665,1.1666666666666667,0.0064,20.0,8.868885869565208
1.6666666666666665,1.1666666666666667,0.0064,15.0,9.7547554347826
1.6666666666666665,1.1666666666666667,0.0064,10.0,9.809103260869557
1.6666666666666665,1.1666666666666667,0.0052,30.0,8.091032608695642
1.6666666666666665,1.1666666666666667,0.0052,25.0,8.101222826086948
1.6666666666666665,1.1666666666666667,0.0052,20.0,8.217391304347817
1.6666666666666665,1.1666666666666667,0.0052,15.0,8.917119565217382
1.6666666666666665,1.1666666666666667,0.0052,10.0,9.201086956521731
1.6666666666666665,1.1666666666666667,0.004,30.0,6.440896739130426
1.6666666666666665,1.1666666666666667,0.004,25.0,6.999320652173904
1.6666666666666665,1.1666666666666667,0.004,20.0,7.415760869565207
1.6666666666666665,1.1666666666666667,0.004,15.0,7.813179347826077
1.6666666666666665,1.1666666666666667,0.004,10.0,8.09171195652173
1.6666666666666665,1.0,0.01,30.0,10.093749999999991
1.6666666666666665,1.0,0.01,25.0,10.290081521739124
1.6666666666666665,1.0,0.01,20.0,10.2078804347826
1.6666666666666665,1.0,0.01,15.0,10.867527173913036
1.6666666666666665,1.0,0.01,10.0,11.0672554347826
1.6666666666666665,1.0,0.0088,30.0,9.758831521739122
1.6666666666666665,1.0,0.0088,25.0,9.89741847826086
1.6666666666666665,1.0,0.0088,20.0,9.85054347826086
1.6666666666666665,1.0,0.0088,15.0,10.660326086956514
1.6666666666666665,1.0,0.0088,10.0,10.69497282608695
1.6666666666666665,1.0,0.007600000000000001,30.0,9.180706521739122
1.6666666666666665,1.0,0.007600000000000001,25.0,9.525135869565208
1.6666666666666665,1.0,0.007600000000000001,20.0,9.584239130434776
1.6666666666666665,1.0,0.007600000000000001,15.0,10.145380434782602
1.6666666666666665,1.0,0.007600000000000001,10.0,10.356657608695645
1.6666666666666665,1.0,0.0064,30.0,8.794157608695643
1.6666666666666665,1.0,0.0064,25.0,8.745244565217382
1.6666666666666665,1.0,0.0064,20.0,8.96263586956521
1.6666666666666665,1.0,0.0064,15.0,9.547554347826079
1.6666666666666665,1.0,0.0064,10.0,9.786684782608686
1.6666666666666665,1.0,0.0052,30.0,7.905570652173903
1.6666666666666665,1.0,0.0052,25.0,8.273777173913034
1.6666666666666665,1.0,0.0052,20.0,7.719429347826078
1.6666666666666665,1.0,0.0052,15.0,8.822010869565208
1.6666666666666665,1.0,0.0052,10.0,8.93070652173912
1.6666666666666665,1.0,0.004,30.0,6.880434782608687
1.6666666666666665,1.0,0.004,25.0,6.724184782608686
1.6666666666666665,1.0,0.004,20.0,7.019701086956512
1.6666666666666665,1.0,0.004,15.0,7.758152173913033
1.6666666666666665,1.0,0.004,10.0,7.872282608695643
1.5,1.5,0.01,30.0,9.7547554347826
1.5,1.5,0.01,25.0,9.860054347826079
1.5,1.5,0.01,20.0,10.184103260869557
1.5,1.5,0.01,15.0,10.525815217391298
1.5,1.5,0.01,10.0,10.717391304347819
1.5,1.5,0.0088,30.0,9.477581521739122
1.5,1.5,0.0088,25.0,9.506114130434774
1.5,1.5,0.0088,20.0,9.483016304347817
1.5,1.5,0.0088,15.0,10.22622282608695
1.5,1.5,0.0088,10.0,10.550951086956516
1.5,1.5,0.007600000000000001,30.0,9.073369565217382
1.5,1.5,0.007600000000000001,25.0,9.266983695652165
1.5,1.5,0.007600000000000001,20.0,9.428668478260862
1.5,1.5,0.007600000000000001,15.0,9.979619565217384
1.5,1.5,0.007600000000000001,10.0,10.039402173913036
1.5,1.5,0.0064,30.0,8.642663043478253
1.5,1.5,0.0064,25.0,8.542798913043471
1.5,1.5,0.0064,20.0,9.078804347826079
1.5,1.5,0.0064,15.0,9.457201086956514
1.5,1.5,0.0064,10.0,9.69904891304347
1.5,1.5,0.0052,30.0,7.820652173913035
1.5,1.5,0.0052,25.0,7.967391304347817
1.5,1.5,0.0052,20.0,7.985054347826077
1.5,1.5,0.0052,15.0,8.569972826086948
1.5,1.5,0.0052,10.0,8.855978260869556
1.5,1.5,0.004,30.0,6.887228260869556
1.5,1.5,0.004,25.0,7.243206521739122
1.5,1.5,0.004,20.0,6.71942934782608
1.5,1.5,0.004,15.0,7.6311141304347725
1.5,1.5,0.004,10.0,7.799592391304338
1.5,1.3333333333333333,0.01,30.0,9.783288043478253
1.5,1.3333333333333333,0.01,25.0,9.925951086956513
1.5,1.3333333333333333,0.01,20.0,10.002038043478253
1.5,1.3333333333333333,0.01,15.0,10.606657608695645
1.5,1.3333333333333333,0.01,10.0,10.669157608695645
1.5,1.3333333333333333,0.0088,30.0,9.4422554347826
1.5,1.3333333333333333,0.0088,25.0,9.674592391304339
1.5,1.3333333333333333,0.0088,20.0,9.550271739130427
1.5,1.3333333333333333,0.0088,15.0,10.254076086956513
1.5,1.3333333333333333,0.0088,10.0,10.546195652173907
1.5,1.3333333333333333,0.007600000000000001,30.0,9.1141304347826
1.5,1.3333333333333333,0.007600000000000001,25.0,9.186141304347817
1.5,1.3333333333333333,0.007600000000000001,20.0,9.092391304347819
1.5,1.3333333333333333,0.007600000000000001,15.0,10.106657608695645
1.5,1.3333333333333333,0.007600000000000001,10.0,10.091032608695645
1.5,1.3333333333333333,0.0064,30.0,8.527853260869557
1.5,1.3333333333333333,0.0064,25.0,8.605298913043471
1.5,1.3333333333333333,0.0064,20.0,8.590353260869557
1.5,1.3333333333333333,0.0064,15.0,9.484374999999993
1.5,1.3333333333333333,0.0064,10.0,9.568614130434774
1.5,1.3333333333333333,0.0052,30.0,7.788722826086948
1.5,1.3333333333333333,0.0052,25.0,7.885190217391296
1.5,1.3333333333333333,0.0052,20.0,8.226902173913034
1.5,1.3333333333333333,0.0052,15.0,8.682065217391294
1.5,1.3333333333333333,0.0052,10.0,8.650815217391296
1.5,1.3333333333333333,0.004,30.0,6.989130434782599
1.5,1.3333333333333333,0.004,25.0,6.979619565217383
1.5,1.3333333333333333,0.004,20.0,6.751358695652164
1.5,1.3333333333333333,0.004,15.0,7.424592391304339
1.5,1.3333333333333333,0.004,10.0,7.717391304347816
1.5,1.1666666666666667,0.01,30.0,9.803668478260862
1.5,1.1666666666666667,0.01,25.0,9.797554347826079
1.5,1.1666666666666667,0.01,20.0,9.923913043478253
1.5,1.1666666666666667,0.01,15.0,10.54347826086956
1.5,1.1666666666666667,0.01,10.0,10.656929347826079
1.5,1.1666666666666667,0.0088,30.0,9.488451086956514
1.5,1.1666666666666667,0.0088,25.0,9.590353260869557
1.5,1.1666666666666667,0.0088,20.0,9.7703804347826
1.5,1.1666666666666667,0.0088,15.0,10.36684782608695
1.5,1.1666666666666667,0.0088,10.0,10.485054347826079
1.5,1.1666666666666667,0.007600000000000001,30.0,9.093749999999991
1.5,1.1666666666666667,0.007600000000000001,25.0,9.311141304347817
1.5,1.1666666666666667,0.007600000000000001,20.0,9.515624999999991
1.5,1.1666666666666667,0.007600000000000001,15.0,10.04279891304347
1.5,1.1666666666666667,0.007600000000000001,10.0,9.97418478260869
1.5,1.1666666666666667,0.0064,30.0,8.398097826086948
1.5,1.1666666666666667,0.0064,25.0,8.597146739130427
1.5,1.1666666666666667,0.0064,20.0,8.714673913043471
1.5,1.1666666666666667,0.0064,15.0,9.444293478260862
1.5,1.1666666666666667,0.0064,10.0,9.538043478260862
1.5,1.1666666666666667,0.0052,30.0,7.704483695652167
1.5,1.1666666666666667,0.0052,25.0,8.051630434782599
1.5,1.1666666666666667,0.0052,20.0,7.734374999999991
1.5,1.1666666666666667,0.0052,15.0,8.851902173913034
1.5,1.1666666666666667,0.0052,10.0,8.813858695652163
1.5,1.1666666666666667,0.004,30.0,6.7941576086956434
1.5,1.1666666666666667,0.004,25.0,6.884510869565207
1.5,1.1666666666666667,0.004,20.0,6.989809782608686
1.5,1.1666666666666667,0.004,15.0,7.705842391304338
1.5,1.1666666666666667,0.004,10.0,7.953804347826077
1.5,1.0,0.01,30.0,9.779211956521731
1.5,1.0,0.01,25.0,9.783288043478253
1.5,1.0,0.01,20.0,9.896059782608688
1.5,1.0,0.01,15.0,10.576766304347819
1.5,1.0,0.01,10.0,10.635869565217385
1.5,1.0,0.0088,30.0,9.422554347826079
1.5,1.0,0.0088,25.0,9.648097826086948
1.5,1.0,0.0088,20.0,9.45584239130434
1.5,1.0,0.0088,15.0,10.06997282608695
1.5,1.0,0.0088,10.0,10.310461956521731
1.5,1.0,0.007600000000000001,30.0,9.070652173913034
1.5,1.0,0.007600000000000001,25.0,9.260869565217384
1.5,1.0,0.007600000000000001,20.0,9.221467391304339
1.5,1.0,0.007600000000000001,15.0,9.889266304347819
1.5,1.0,0.007600000000000001,10.0,10.088315217391298
1.5,1.0,0.0064,30.0,8.552309782608686
1.5,1.0,0.0064,25.0,8.69429347826086
1.5,1.0,0.0064,20.0,8.597826086956513
1.5,1.0,0.0064,15.0,9.307065217391298
1.5,1.0,0.0064,10.0,9.62160326086956
1.5,1.0,0.0052,30.0,7.7785326086956434
1.5,1.0,0.0052,25.0,8.019701086956513
1.5,1.0,0.0052,20.0,7.792119565217383
1.5,1.0,0.0052,15.0,8.616847826086946
1.5,1.0,0.0052,10.0,8.722146739130425
1.5,1.0,0.004,30.0,6.729619565217383
1.5,1.0,0.004,25.0,6.484374999999994
1.5,1.0,0.004,20.0,6.655570652173904
1.5,1.0,0.004,15.0,7.707201086956512
1.5,1.0,0.004,10.0,7.724184782608687
1.3333333333333333,1.3333333333333333,0.01,30.0,8.939538043478255
1.3333333333333333,1.3333333333333333,0.01,25.0,9.362771739130428
1.3333333333333333,1.3333333333333333,0.01,20.0,9.444293478260862
1.3333333333333333,1.3333333333333333,0.01,15.0,9.860733695652167
1.3333333333333333,1.3333333333333333,0.01,10.0,10.123641304347819
1.3333333333333333,1.3333333333333333,0.0088,30.0,8.912364130434776
1.3333333333333333,1.3333333333333333,0.0088,25.0,9.03396739130434
1.3333333333333333,1.3333333333333333,0.0088,20.0,9.359374999999993
1.3333333333333333,1.3333333333333333,0.0088,15.0,9.619565217391298
1.3333333333333333,1.3333333333333333,0.0088,10.0,9.930027173913038
1.3333333333333333,1.3333333333333333,0.007600000000000001,30.0,8.527173913043471
1.3333333333333333,1.3333333333333333,0.007600000000000001,25.0,8.718070652173905
1.3333333333333333,1.3333333333333333,0.007600000000000001,20.0,8.935461956521731
1.3333333333333333,1.3333333333333333,0.007600000000000001,15.0,9.285326086956516
1.3333333333333333,1.3333333333333333,0.007600000000000001,10.0,9.51630434782608
1.3333333333333333,1.3333333333333333,0.0064,30.0,8.11888586956521
1.3333333333333333,1.3333333333333333,0.0064,25.0,8.140624999999995
1.3333333333333333,1.3333333333333333,0.0064,20.0,8.109374999999993
1.3333333333333333,1.3333333333333333,0.0064,15.0,8.832201086956513
1.3333333333333333,1.3333333333333333,0.0064,10.0,9.13247282608695
1.3333333333333333,1.3333333333333333,0.0052,30.0,7.514266304347819
1.3333333333333333,1.3333333333333333,0.0052,25.0,7.659646739130426
1.3333333333333333,1.3333333333333333,0.0052,20.0,7.859374999999991
1.3333333333333333,1.3333333333333333,0.0052,15.0,8.400135869565208
1.3333333333333333,1.3333333333333333,0.0052,10.0,8.328804347826079
1.3333333333333333,1.3333333333333333,0.004,30.0,6.416440217391298
1.3333333333333333,1.3333333333333333,0.004,25.0,6.869565217391296
1.3333333333333333,1.3333333333333333,0.004,20.0,6.413043478260859
1.3333333333333333,1.3333333333333333,0.004,15.0,7.3797554347826
1.3333333333333333,1.3333333333333333,0.004,10.0,7.559103260869556
1.3333333333333333,1.1666666666666667,0.01,30.0,9.011548913043471
1.3333333333333333,1.1666666666666667,0.01,25.0,9.317934782608688
1.3333333333333333,1.1666666666666667,0.01,20.0,9.440217391304342
1.3333333333333333,1.1666666666666667,0.01,15.0,9.817934782608688
1.3333333333333333,1.1666666666666667,0.01,10.0,10.080842391304342
1.3333333333333333,1.1666666666666667,0.0088,30.0,8.96263586956521
1.3333333333333333,1.1666666666666667,0.0088,25.0,9.006114130434776
1.3333333333333333,1.1666666666666667,0.0088,20.0,9.357336956521733
1.3333333333333333,1.1666666666666667,0.0088,15.0,9.745244565217384
1.3333333333333333,1.1666666666666667,0.0088,10.0,9.714673913043471
1.3333333333333333,1.1666666666666667,0.007600000000000001,30.0,8.592391304347819
1.3333333333333333,1.1666666666666667,0.007600000000000001,25.0,8.771059782608688
1.3333333333333333,1.1666666666666667,0.007600000000000001,20.0,8.613451086956514
1.3333333333333333,1.1666666666666667,0.007600000000000001,15.0,9.419836956521733
1.3333333333333333,1.1666666666666667,0.007600000000000001,10.0,9.58355978260869
1.3333333333333333,1.1666666666666667,0.0064,30.0,8.016304347826079
1.3333333333333333,1.1666666666666667,0.0064,25.0,8.088315217391298
1.3333333333333333,1.1666666666666667,0.0064,20.0,8.141983695652167
1.3333333333333333,1.1666666666666667,0.0064,15.0,8.764266304347819
1.3333333333333333,1.1666666666666667,0.0064,10.0,8.963994565217385
1.3333333333333333,1.1666666666666667,0.0052,30.0,7.478940217391297
1.3333333333333333,1.1666666666666667,0.0052,25.0,7.396059782608688
1.3333333333333333,1.1666666666666667,0.0052,20.0,7.32133152173912
1.3333333333333333,1.1666666666666667,0.0052,15.0,8.142663043478253
1.3333333333333333,1.1666666666666667,0.0052,10.0,8.561141304347816
1.3333333333333333,1.1666666666666667,0.004,30.0,6.523097826086951
1.3333333333333333,1.1666666666666667,0.004,25.0,6.87296195652173
1.3333333333333333,1.1666666666666667,0.004,20.0,6.792119565217382
1.3333333333333333,1.1666666666666667,0.004,15.0,7.2697010869565135
1.3333333333333333,1.1666666666666667,0.004,10.0,7.498641304347816
1.3333333333333333,1.0,0.01,30.0,8.957880434782602
1.3333333333333333,1.0,0.01,25.0,9.269701086956516
1.3333333333333333,1.0,0.01,20.0,9.463994565217385
1.3333333333333333,1.0,0.01,15.0,10.01222826086956
1.3333333333333333,1.0,0.01,10.0,10.124999999999993
1.3333333333333333,1.0,0.0088,30.0,8.894021739130427
1.3333333333333333,1.0,0.0088,25.0,8.947690217391298
1.3333333333333333,1.0,0.0088,20.0,9.34918478260869
1.3333333333333333,1.0,0.0088,15.0,9.516983695652169
1.3333333333333333,1.0,0.0088,10.0,9.883152173913038
1.3333333333333333,1.0,0.007600000000000001,30.0,8.559782608695645
1.3333333333333333,1.0,0.007600000000000001,25.0,8.711956521739124
1.3333333333333333,1.0,0.007600000000000001,20.0,9.048913043478253
1.3333333333333333,1.0,0.007600000000000001,15.0,9.404211956521733
1.3333333333333333,1.0,0.007600000000000001,10.0,9.545516304347819
1.3333333333333333,1.0,0.0064,30.0,8.122282608695645
1.3333333333333333,1.0,0.0064,25.0,8.211277173913036
1.3333333333333333,1.0,0.0064,20.0,8.47146739130434
1.3333333333333333,1.0,0.0064,15.0,8.74388586956521
1.3333333333333333,1.0,0.0064,10.0,9.052989130434776
1.3333333333333333,1.0,0.0052,30.0,7.463315217391296
1.3333333333333333,1.0,0.0052,25.0,7.604619565217383
1.3333333333333333,1.0,0.0052,20.0,7.253396739130426
1.3333333333333333,1.0,0.0052,15.0,8.27241847826086
1.3333333333333333,1.0,0.0052,10.0,8.425951086956513
1.3333333333333333,1.0,0.004,30.0,6.547554347826077
1.3333333333333333,1.0,0.004,25.0,6.627717391304337
1.3333333333333333,1.0,0.004,20.0,6.580842391304337
1.3333333333333333,1.0,0.004,15.0,7.353940217391295
1.3333333333333333,1.0,0.004,10.0,7.469429347826077
1.1666666666666667,1.1666666666666667,0.01,30.0,8.276494565217385
1.1666666666666667,1.1666666666666667,0.01,25.0,8.641983695652169
1.1666666666666667,1.1666666666666667,0.01,20.0,8.939538043478255
1.1666666666666667,1.1666666666666667,0.01,15.0,9.0726902173913
1.1666666666666667,1.1666666666666667,0.01,10.0,9.312499999999995
1.1666666666666667,1.1666666666666667,0.0088,30.0,8.095108695652169
1.1666666666666667,1.1666666666666667,0.0088,25.0,8.517663043478255
1.1666666666666667,1.1666666666666667,0.0088,20.0,8.596467391304342
1.1666666666666667,1.1666666666666667,0.0088,15.0,8.9633152173913
1.1666666666666667,1.1666666666666667,0.0088,10.0,9.133831521739125
1.1666666666666667,1.1666666666666667,0.007600000000000001,30.0,7.985733695652168
1.1666666666666667,1.1666666666666667,0.007600000000000001,25.0,8.25543478260869
1.1666666666666667,1.1666666666666667,0.007600000000000001,20.0,8.120923913043471
1.1666666666666667,1.1666666666666667,0.007600000000000001,15.0,8.768342391304342
1.1666666666666667,1.1666666666666667,0.007600000000000001,10.0,8.855298913043473
1.1666666666666667,1.1666666666666667,0.0064,30.0,7.71263586956521
1.1666666666666667,1.1666666666666667,0.0064,25.0,7.916440217391297
1.1666666666666667,1.1666666666666667,0.0064,20.0,8.028532608695645
1.1666666666666667,1.1666666666666667,0.0064,15.0,8.186820652173907
1.1666666666666667,1.1666666666666667,0.0064,10.0,8.576766304347819
1.1666666666666667,1.1666666666666667,0.0052,30.0,7.015624999999993
1.1666666666666667,1.1666666666666667,0.0052,25.0,7.33763586956521
1.1666666666666667,1.1666666666666667,0.0052,20.0,7.316576086956514
1.1666666666666667,1.1666666666666667,0.0052,15.0,7.7214673913043415
1.1666666666666667,1.1666666666666667,0.0052,10.0,7.894701086956515
1.1666666666666667,1.1666666666666667,0.004,30.0,6.131793478260859
1.1666666666666667,1.1666666666666667,0.004,25.0,6.32404891304347
1.1666666666666667,1.1666666666666667,0.004,20.0,6.582201086956511
1.1666666666666667,1.1666666666666667,0.004,15.0,6.96263586956521
1.1666666666666667,1.1666666666666667,0.004,10.0,7.129076086956514
1.1666666666666667,1.0,0.01,30.0,8.307065217391298
1.1666666666666667,1.0,0.01,25.0,8.714673913043471
1.1666666666666667,1.0,0.01,20.0,8.886548913043471
1.1666666666666667,1.0,0.01,15.0,9.201086956521735
1.1666666666666667,1.0,0.01,10.0,9.301630434782604
1.1666666666666667,1.0,0.0088,30.0,8.042798913043471
1.1666666666666667,1.0,0.0088,25.0,8.392663043478255
1.1666666666666667,1.0,0.0088,20.0,8.576766304347819
1.1666666666666667,1.0,0.0088,15.0,8.906249999999995
1.1666666666666667,1.0,0.0088,10.0,9.105298913043473
1.1666666666666667,1.0,0.007600000000000001,30.0,8.048913043478255
1.1666666666666667,1.0,0.007600000000000001,25.0,8.071331521739124
1.1666666666666667,1.0,0.007600000000000001,20.0,8.21942934782608
1.1666666666666667,1.0,0.007600000000000001,15.0,8.710597826086952
1.1666666666666667,1.0,0.007600000000000001,10.0,8.82676630434782
1.1666666666666667,1.0,0.0064,30.0,7.624999999999993
1.1666666666666667,1.0,0.0064,25.0,7.809782608695644
1.1666666666666667,1.0,0.0064,20.0,7.720788043478254
1.1666666666666667,1.0,0.0064,15.0,8.433423913043471
1.1666666666666667,1.0,0.0064,10.0,8.54959239130434
1.1666666666666667,1.0,0.0052,30.0,7.048233695652167
1.1666666666666667,1.0,0.0052,25.0,7.148097826086949
1.1666666666666667,1.0,0.0052,20.0,6.934782608695644
1.1666666666666667,1.0,0.0052,15.0,7.847826086956515
1.1666666666666667,1.0,0.0052,10.0,8.027173913043471
1.1666666666666667,1.0,0.004,30.0,6.169157608695643
1.1666666666666667,1.0,0.004,25.0,6.5468749999999885
1.1666666666666667,1.0,0.004,20.0,6.650135869565206
1.1666666666666667,1.0,0.004,15.0,7.236413043478252
1.1666666666666667,1.0,0.004,10.0,7.430706521739122
1.0,1.0,0.01,30.0,7.506793478260868
1.0,1.0,0.01,25.0,7.8464673913043494
1.0,1.0,0.01,20.0,8.137228260869566
1.0,1.0,0.01,15.0,8.419157608695654
1.0,1.0,0.01,10.0,8.706521739130435
1.0,1.0,0.0088,30.0,7.300951086956519
1.0,1.0,0.0088,25.0,7.641983695652174
1.0,1.0,0.0088,20.0,7.871603260869565
1.0,1.0,0.0088,15.0,8.262228260869565
1.0,1.0,0.0088,10.0,8.495923913043478
1.0,1.0,0.007600000000000001,30.0,7.072010869565215
1.0,1.0,0.007600000000000001,25.0,7.453804347826084
1.0,1.0,0.007600000000000001,20.0,7.697690217391305
1.0,1.0,0.007600000000000001,15.0,7.949728260869565
1.0,1.0,0.007600000000000001,10.0,8.264945652173912
1.0,1.0,0.0064,30.0,6.984374999999997
1.0,1.0,0.0064,25.0,7.213994565217389
1.0,1.0,0.0064,20.0,7.199728260869563
1.0,1.0,0.0064,15.0,7.792119565217392
1.0,1.0,0.0064,10.0,7.8790760869565215
1.0,1.0,0.0052,30.0,6.581521739130435
1.0,1.0,0.0052,25.0,6.822010869565213
1.0,1.0,0.0052,20.0,6.737092391304344
1.0,1.0,0.0052,15.0,7.310461956521736
1.0,1.0,0.0052,10.0,7.32948369565217
1.0,1.0,0.004,30.0,6.223505434782607
1.0,1.0,0.004,25.0,6.283967391304348
1.0,1.0,0.004,20.0,6.138586956521739
1.0,1.0,0.004,15.0,6.648777173913041
1.0,1.0,0.004,10.0,7.074728260869563
